,text,label
760,t'es un peu un gauchiste mais j'aime bien tes tweets et tes retweets — je ne sais pas quoi répondre @url,0
838,l'attardé de moroni,0
78,@user @user @user @user tu prefere la violence libre à toi. nous préfère qu il fin… @url,0
967,@user oui c est vrai... les lyonnais ne sont pas racistes ils aiment bien les arabes regardez...@url,0
913,nouveau - berne : 1500 personnes à une marche contre l'avortement - #suisse #ivg #avortament #bern #ber... @url,0
578,@user @user @user je suis moi même blanc et toute vie j ai traîné avec des renois même si je… @url,0
933,quand demande un gauchiste d'argumenter  @url,0
152,j'suis pas un gauchiste mais la il 100% raison. c'est inadmissible @user les poissons ont besoin de plus @url,0
326,@user je suis origine purement berbèreje retrouve avec un nom et prénom purement arabes! Ça veut tout dire en marre .,0
714,pour ceux qui douteraient du caractère complotiste et de l'antisionisme délirant d'abdelrahim ali voici un thread… @url,0
463,sous la direction de genghis khan l’immense empire mongol utilisé un système postal avancé à travers l’empire. #uoim2,0
528,@user @user l’islamisation en marche ! la pauvreté généralisée partout en france.,1
964,@user les rebeus tu baises leurs frangines ils sont déboussolés,1
647,@user @user @user @user lol la bonne vielle tactique gauchiste! répondre par une questi… @url,0
746,Ça m’fume les renois quand ils rigolent ils sont obligés de tapé un 200m sprint @url,0
1036,@user @user @user @user @user @user @user des noirs sûrement pas des rebeus c possible.,1
663,@user @user @user c...est vous qui parlez de vue gauchiste avilissante. pas moi. vous associez cette... @url,0
334,@user quand je suis parti 4 mois en afrique cette année je suis rentré et chienne était toute heureuse donc t’en fais pas,0
204,pas sûr je suis même persuadée que #zemmour... c'est la pensée dominante des français hors gauchistes bien sûr c… @url,0
1131,@user @user je suis gauchiste et je reconnais pas du tout dans son nous les gauchistesnalle... @url,0
161,france :jeudi prochain à la librairie résistances : « les naufragés. l’odyssée des migrants africains etienne du… @url,0
200,@user @user @user Ça change quoi les chiffres hein ? trois mille migrants ou trois millions de migran… @url,0
77,kevin il se bat avec tous les rebeus avec une moustache pr mieux froisser berka #verité,1
1149,@user @user @user merci de confirmer mes dires,0
59,@user vive les rebeus @url,0
825,plus de 60 villes  ont déjà dit oui pour venir en aide aux réfugiés. et la vôtre ? …,0
454,@user @user je suis végétarienne et n'adhère pas à cette violence fait par le mouvement vegan chacun doit être libre respect svp,0
276,@user mais tout à fait ! tu vois à quel point mon coeur est grand même envers les réfugiés d'une peupla… @url,0
471,@user omg j'etais pas pret pour celle la @url,0
186,@user @user c est le resultat de l ideologie gauchistequi au nom de l'egalite des chances veut g... @url,0
1122,@user @user tu tiens ta cause perdue d'avance,0
632,@user je te jure genre je dis « bah nan j’aime tout » elle dit « nan je pense c’est les renois je te vois… @url,0
38,@user @user mairie socialope islamo-gauchiste traitre à la france pour résumer,0
694,non ! n'en veut pas de ces migrants économiques ! trop c'est trop . il est plus urgent d'imposer des mesures dr… @url,0
1081,@user remplacez « éducation nationale » par « islam » « pedophilie » par « terrorisme » et « professeur » p… @url,1
499,@user la fois où t’as peter un cable sur une meuf qui t’avais traiter de sale arabe ça comptait pas ?,1
371,délit de solidarité pour cédric herrou dans son combat pour l'accueil et la protection des migrants africains dan… @url,0
369,@user @user belle répartie digne d'un enfant de cm2 à base ta maman comme tout les rebeus sans disci… @url,1
922,ptdrrrr le sale arabe @url,0
881,novembre au hourdel le soleil s’attarde les phoques en profitent nous aussi ! @url,0
506,quel frère (il écrit mieux rebeu que des rebeus) @url,0
515,il fait pas attardé lui en ssg,0
700,#guatemala : les partisans de l’élargissement de l’ #avortement ont dû se résoudre à retirer l’article d’une propos… @url,0
999,@user les manifestants d’ #idleb et d’ #alep sont le symbole du courage de la résistance et de la résili… @url,0
560,@user @user @user cette vue ou le regard s'attarde et dessine des caresses,0
649,mais ce que la vie fait le renois 1 ce sépara de ça chérie .. sad history,0
876,@user @user @user @user le vrai danger de l'islam c'est la gauche je peux te le garantir,0
757,est plus grand bien-sûr attardé que je suis à oublié des mots x),0
248,@user @user @user ex banquier plutôt ex escroc!!le mot racaille remplacer sale arabe!!,1
328,lignes quotidiennes par akram belkaïd: polémique autour des prénoms arabes rien de nouveau sous le soleil... (iht… @url,0
1163,@user #stop aux complots #stop aux guerres des intÉrÊts economiques &amp; politiques #stop aux machiavÉlisme.… @url,0
17,@user @user oui je ne comprends pas pourquoi ceux qui veulent accueillir les migrants n'en prennent pas… @url,0
457,@user @user @user @user @user @user deformation bobo gauchiste... pa... @url,0
1140,@user nous sommes des arabes au maghreb el arabi même si la propagande occidentale de malheur bas son plein !… @url,0
1006,@user ils critiquent leur commu pr amuser la galeie (c pareil pr les renois),1
240,etes-vous d’accord avec bernard kouchner qui dit que « nous devrions prendre plus de migrants » @url,0
1005,@user @user espérons néanmoinsil se ferait violence en prenant son argent qu'il pouvait réclamer par… @url,0
634,@user jamais jsuis pas un gauchiste,0
679,pittsburgh : le poison de l’antisémitisme encore tué (pcf),1
488,@user l'africanisation et l'islamisation de l'europe c'est l'importation des mœurs qui sont associées. n… @url,1
193,voici ce que fait macron en ce moment il applique un plan diabolique d’islamisation de la france réveillez vous mer… @url,1
1072,@user moi hamdoullah je vis dans un pays africain donc mon prenom va pas deranger mais les gens qui ont du mal a… @url,0
466,@user @user @user rien voir avec l'extreme droitefaut arreter la fumette gauchistetout le mond... @url,0
606,jsuis vrmt attardé miam,0
128,migraction 59 en faveur des migrants de calais @url via @user,1
777,c’est rebeu/renoi — j’ai pas mis les rebeus dedans mdr @url,1
362,@user @user merci à vous deux je viens d'apprendre que je suis nationaliste antisémite complotiste… @url,0
452,en 2018 il encore des gens qui manifestent contre le droit à l'avortement en suisse (et partout ailleurs d'ail… @url,0
236,@user le pire (déso pr les potes en prison^^) c'était la press' et la violence policière &gt;après&lt;. Ça d… @url,0
699,quand est-ce qu'on met en place des couvre feux de la violence ?,0
929,@user encore une attitude de bobo gauchiste ..,1
191,@user @user vous allez apprendre faire la difference entre un gauchiste comme lula/melenchon et un f... @url,0
15,@user @user @user d'autant plus bizarre que flavius josèphe est resté juif jusqu'au bout des ongles.,0
24,je suis végétarien et voici ce que rencontre avec un éleveur mongol m'a fait réaliser sur l'écologie @url,0
508,déjà les renois c’est sûr ils vont dire jesus christ @url,0
553,c quoi ton type de mec — les rebeus @url,0
16,quand je sors de chez le coiffeur j’suis vraiment le plus beau de tous les rebeus,0
219,@user @user fallait pas rêver que quelqu un attarde vendredi... un.petit effort elle sera operat… @url,0
99,les renois et leurs flow c'est tellement une douceur pour les yeux :)),0
423,y’a des renois c’est grave des bounty hein ils vont te sortir des « oui non l’afrique mérite ce qui lui arrive. l… @url,0
410,@user @user jsuis pas raciste negrophobes esh ... j’ai grave des potes renois rebeu asian européens b… @url,1
300,t’piétine ta mère pour un « sale noir sale arabe »,1
209,@user de meklat à badroudine : quand les #inrocks soutiennent l'antisémitisme islamiste gauchiste et bien-pen… @url,0
145,@user c'est qui cet attardé,1
1212,@user hsksjsh ouais pourquoi pas mais bon les renois ils sont 3ème dans mon classement,0
1187,@user @user @user fin du game je m’attarde pas avec des gens qui parle sans savoir merci au r… @url,0
426,ensuite j’vais parler de pnl oula alors eux faut pas que jm’attarde trop sur eux pcq y’a beaucoup à dire. encore un… @url,0
821,dakar : des militaires français impliqués dans une rixe @url @user @url,0
1073,@user @user ben toi aussi te dira de te reconvertir quand pour raison x ou un groupe de d... @url,0
376,eh les 2002-03 de tl sur vie allez jamais en stmg que des cas sociaux et des rebeus en survêt c'est des giga débile,1
1190,@user merci,0
473,j’aime trop la couleur que j’ai faite à mes cheveux j’ai l’impression qu’on s’attarde moins sur gueule ça rattrape le coup,0
196,faire un comparatif entre la #shoah des #juifs &amp; l'#invasion des #migrants qui sont pour la majorité #économique es… @url,1
723,@user euh bah ça pas longtemps que je te connais et hyper sympa/drôle et j’me tape tjrs des barres avec toi et l’autre attardé @user,0
245,@user long comme le regard qui s'attarde sur ton corps,0
976,@user est quand même sur l'équivalent les boulangers vous expliquent pourquoi ils sont contre l'avortement… @url,0
1009,@user tu dis ça avec une giga pp d’la tour eiffel mdrr sale arabe,1
807,@user les balkaniques font tout par la violence et la sauvagerie. ces peuples n'auront jamais la paix int… @url,1
367,quel ramassis d’attardé @url,0
447,@user @user un adepte du lieu commun gauchiste,0
711,nous savons tous que le terrorisme est politique et n rien avoir avec l islam,0
791,allemagne : les clans arabes font la loi. la police avait décidé de ne pas réagir pour éviter de se faire traiter d… @url,1
140,@user pour moi l'insignifiance ne mérite pas qu'on s'y attarde!!,0
879,@user @user vous êtes justement l'esclave d'un terrorisme intellectuel communisme m'attaqué sous l… @url,0
1084,@user @user serait-ce un journal islamo-gauchiste ? peur de perdre son lectorat molenbeek ?,1
981,@user les gens ont grandi s'attarde plus sur ces trivialites de changement d'heure les vrais les purs sont... @url,0
368,c quoi son style de mec aussi? — elle préfère les renois mais si blond aux yeux bleu oklm faut tu sois drôle auss… @url,0
730,@user @user ce serais bien d'eviter de parler et d'argumenter autour de chose que tu ne maitri... @url,0
288,@user @user pour gagner du temps notons dès à présent que c'est le lobby juif qui contrôle à la fois :,1
222,le renois trompent beaucoup les blancs trompent mieux. mdr waow keske j'raconte moi,1
633,@user votre inquiétude est légitime. en 40 ans les politicards ont défiguré notre pays. l'idéologie gauchiste… @url,0
887,alors naulleau debarque ? finie la posture de gauchiste intraitable ouvert sur la diversite culturelle et incap @url,0
166,@user @user @user tu te rends compte? des soldats en couche qui giflent tous les pays arabes voisins. respect !,1
43,les tutos en français sur youtube c’est insupportable les 3/4 des vidéos c’est des mecs ils te parlent comme si t’étais un attardé,0
323,@user une des pires celle-là ... une gauchiste revendiquée d'ailleurs ...,1
301,rt @user tous les potes de clara ils m'appellent ton pote chinois mdr c ouf g pas l'impression de tant ressembler un noich q,1
453,une renois tu peux pas lui dire tu l'aime bien ou tu la trouve belle psk sinon dans sa tête elle va croire ces bey… @url,1
616,@user @user @user @user en inde bouffe pas de viande car ca fait des g... @url,0
854,quand un renois n'a pas le temps avec les imbécillités...,0
985,@user @user qu'est-ce qu'il ne faut pas lire franchement,0
859,@user est pour ou contre l’avortement mais,0
767,quand je vois que la cagnotte pour aider les enfants réfugiés qui dorment deh…,0
261,@user @user ou la la qu'elle dangereuse gauchiste lol ,1
795,@user les ultra-religieux n'ont rien contre le viol! mais contre l'avortement!,1
121,je peux pas m'empecher de penser que c'est la meme mecanique qu'avec le faux compte gauchiste et provocateur @url,0
704,mdr cest les renois ça. toute les cérémonie avant le mariage se passe la maison @url,0
507,@user j'aurais dis pareil avc les renois t'aurais rep la meme?,0
512,@user gros tu vas pas t’y mettre aussi? y’a des renois qui vous demandent de ne pas dire nigga dites pas nigga… @url,1
531,donc si les États africains… @url,0
357,@user @user @user @user le programme de fillon yaurai eu un gros bordel de gauchiste… @url,1
557,@user l’extrême droite est au pouvoir(«police coupe semelles enfants migrants ment sur âge pour expulser...»)… @url,1
875,s'imaginer que l'#africain vient en #europe n'est qu'un pur fantasme étant donné que 90% des #migrants africains re… @url,1
1020,@user t'inquiètes pas charles ce n est qu'un arabe fainéant de la sncf.,1
1111,@user @user @user le racisme est partout j’ai vécu le 93 et ce sont des rebeus qui insultaient de… @url,1
397,meilleur que thiago messi voila c'est terminenc'est un crack le meilleur attarde du siecle c'est bien lui il est @url,0
1155,@user @user @user il parle de l'islam des caves... celle qui mène au terrorisme au djihad… @url,1
905,pour l'ouverture du port de nice à l'aquarius et aux bateaux portant secours aux réfugiés,0
987,@user @user mais j' rigole sale juif,1
449,@user @user envie de pleurer (vraiment)ntu refait soiree nlove,0
23,@user @user @user mr simon vous ne pouvez justifier voir atténuer la violence des propos de mr zemmou… @url,0
27,ce n’est pas tous les renois qui suivent son raisonnement ne l’insulte pas tu perds des hassanets pour rien @url,0
197,l'invasion que nous subissons celle des touristes  cet homme est historien gauchiste  @url,0
1219,@user pourquoi tant de migrants africains en europe alors si est tous des vilains racistes nous autres… @url,0
660,@user @user t'as repris la confiance toi sale arabe @url,1
1044,@user une chrétienne ne vaut pas qu’on s’y attarde pour certains...,0
227,@user par contre jparle couramment chinois et jpeux te dire que ching chong ça veut rien dire,0
275,@user c’est sale arabe tous les mêmes j’ai envie de les gifler,1
374,@user @user 2/2 le deuxieme essage s'attarde sur le fait que la spa accueil aussi des animaux plus atypiques. pas… @url,0
180,@user augmentation des violences proportionnelle à l'arrivée de migrants africains illégaux en france. paris e… @url,1
404,@user faux nul zéro la majorité ne sont pas arabes,0
1098,@user @user et musulmans c est vaste terrorisme voile religion fiché assise sur l islam langue… @url,1
214,@user qu'il soit déguisé en arabe en noir en juif ou je sais pas quoi j'm'en branle. mais là le déguiseme… @url,1
1169,@user @user @user @user ah d’accord donc si t’es pas renoi ou rebeu tu ne peux pas donner… @url,0
356,et je m’attarde sur des petits détails,0
1028,@user surtout les noirs et les arabes au pire ils auront leur entretien mais qd le mec verra leur tête à ce m… @url,0
798,@user ce mec est de la origine que toi et ti parle mdrr sale arabe,1
931,excellente démonstration de @user mais ce monsieur joffrin vaut-il la peine que l'on s'attarde sur ses torc… @url,0
455,prcq genre un renoi peut pas aimer les renois et les blanches ?? @url,0
658,rt @user 'ching chong'' ca veut dire bonjour en chinois nan ?? @url,0
1082,@user @user peut-être que certaines personne ne supportes plus que l'on s'attarde sur se genre de… @url,0
363,@user @user laisse le tranquille sale juif homophobe,1
1201,@user @user j’ai que ce screen sinon elle taillé les arabes plein de fois y’a rien d’ironique là dedans,0
1193,@user mais bordel je suis même pas contre l'avortement je respecte juste le droit de certains à pas vouloir l… @url,0
644,rt @user  le hashtag #pasdevague sonne enfin le glas de l'ideologie laxiste gauchiste qui predomine depuis des annees au sein de,1
322,@user wauquiez est un gauchiste par rapport à nous,0
1109,@user salutations est-ce qu'un vegan est contre l'avortement ? logiquement oui vu qu'on tue un être vivant non ?,0
988,@user @user ah oui ce sale arabe qui prétends être meilleur que payet ? mdddrrrr,1
370,@user nn j’ai ajouter le bambis sale juif croiser nazi,1
721,@user @user @user personne ne s'attarde sur le fait qu'elles sont plusieurs avoir des batraciens dans l’œsophage ?,0
648,@user le sucré salé c’est degueu,0
555,en france demande aux réfugiés de guerreaux exilés du genocide rwandais de « franciser » leurs noms et prénoms… @url,0
764,@user app de mongol,1
789,@user @user les animaux se tuent entre eux #jdcjdr,0
94,@user @user ps mais el acquiaissais tout ce qu'el disait el disait à la russe laisser tomber faut ps par… @url,0
698,tu préfères aller en soirée avec l'autre con de zoonekynd où aller en cours avec l'autre mongol de mahieux? — alex… @url,0
169,@user report sale juif,1
741,le problème des migrants c'est comme un moustique sur un testicule la violence ne sert à rien...,1
1035,@user @user est au niveau de l...anchois au niveau de la chaine alimentaire. ridiculise toi encore plus,0
210,@user je comprends pourquoi la plupart des gens disaient que j...etais arabe quand je streamais. nce genre d...emissio... @url,0
325,@user espèce de sale trans tu ressemble à un vieux pd qui sort d’une grosse partouze avec des renoi,1
52,@user bouahahhaa il se branle sur les cosplay de sneaky cet attardé,0
924,attardé du cœur,0
1179,vérité #islam #musulmans #mosquee #censure #sos #europe #libertéexpression #ong #gauchiste… @url,0
223,@user @user vas-y ferme là ya un père de famille qui vient de mourrir la seule chose qui t'indigne c'est le mot renoi. sale pute,1
820,prenez moi pour cque vous voulez mais le délire des meufs rebeus en france c’est vraiment ce qu’il de plus dégo… @url,1
587,@user @user comme je suis pas à jour sur op je suis pas trop attardé dessus en détail mais ou sinon c'e… @url,0
20,doudoune et ugg vraiment les renois abusent #jaimelestylehivermaispaslefroid #jsuisunevraigwada,0
317,@user personnellement mon regard s'attarde de moins en moins sur ce genre de couverture. je pense que mon… @url,0
562,l’ua “effarée” par les propos de salvini à propos des migrants africains en europe @url @url,0
1004,: [@user @user @user @user hossam mdrrr allez viens par ici vendeur de chameau renie nous pas enfin t’es un arabe frero,0
911,@user laisse tomber c’est les tetes c’est des renois qui font n’importe quoi,0
1120,@user j...ai bien une petite idee mais va traiter de gauchiste...,0
1203,@user ouais clairement et surtout que ca sera que scientifique,0
1008,des racistes s’ils savaient avec quels genre de negros et rebeus gainés leur fille parle,1
920,@user @user oui il n ya pas de grd remplacement ni de racisme anti blanc ! c tjr arabe noir jeune en s… @url,0
763,@user @user @user @user @user fais toute tl je suis un vrai gauchiste ,0
226,@user @user @user @user si vous êtes cohérent avec vous même cela signifie que vous êtes contre l'avortement .,0
407,des meufs : « mon style de gars c’est les renois » un mois après elle sorte avec des jérémy #cesoirtribunal,1
934,mur anti-migrants au sahara : l'idée renversante de trump @url,0
1196,@user nouveau nom twitter ! mais dit adieu au beaux rebeus :(,0
337,@user comm tardif mais des dimanches qui s'affichent ainsi méritent qu'on s'y attarde. très belle photo !,0
1052,wesh la il parle du fait qu’il est féministe et il parle des droits de la femme c’est super mais pourquoi t’as com… @url,0
969,@user l’âme de l’europe est en europe et non pas au sein d’un bateau de dizaines de migrants africains ou de col… @url,1
252,«la montée des populismes s’explique par cette peur des migrants clandestins» @url,1
837,les #lrem et les gauchiste se défoulent sur @user qui ose parler de l'immigration comme un problème..,0
738,dialectique gauchiste intéressante.,0
548,@user ah bon ? si quelqu'un n'est pas de ton avis c'est un attardé ? ouaouh,0
352,il dit ça en faisant valoir le vocabulaire de la gauche attardé qui nous entoure depuis tant d'années.,0
841,antisémite complotiste et anti-trump… qui est l’auteur de la fusillade qui fait onze morts dan... @url,0
80,@user @user comme vous n'êtes pas juif vous êtes con et sale.,1
85,pq j’vois au states les renois il saute à l’eau avec des chaussettes et tout mdrr,0
158,les renois qui font les gars de la cité et qui courent comme mbappé dés que un chien vous connait #cesoirtribunal,1
1060,@user @user je l'ai dis et repete force je deviens mechant ouais. ahahahahahahahahaha priver de lib... @url,0
475,@user ces des enfants bordel ta 6 de qi c incroyable comment t’es attardé,0
943,putain de filous de renois qui conspirent à se faire insulter sur la place publique,0
382,@user @user @user guenolé le gauchiste osé critiquer une des seules réelles féministes honorable e… @url,0
907,donc là vient vraiment de sortir dans la rue « t’es raciste sale arabe? » ? grenoble c épatant,1
206,@user /o je sais pas. je comprends pas. j'en ai marre. va encore se reprendre toute cette violence dans la gueule. #lassitude,0
785,@user vous mettez mal à l'aise à ne pas voir l'antisémitisme derrière la théorie du complot.,1
460,@user @user @user @user ah oui exact j...avais pas compris ton premier tweet ,0
899,@user bordel les attardé en force,1
1015,@user @user @user @user @user fort loin d'etre gauchiste je continuerai ne vous en de… @url,0
365,il est contre l’avortement fin qd g parler de certains trucs il m’a dit que d’accord il préférait avorter que un en… @url,0
1199,@user @user @user @user et je parle pas ching chong,1
389,Ça enlevez ça localisation pour allez voir renois1 et pcq elle ce localise avec renois 2 vu que y’a pas trop de con… @url,1
536,@user sale payday juif arabophile retourne en cuisine !,1
386,« ok jean pierre alors tu ramènes un bébé black des asiatiques des rebeus prcq ils commencent à saouler eux… @url,1
733,nous les renois tu nous dis juste un truc qu'il nous plait pas va te raconter toutes l'histoire de la france.,0
212,rt @user l'histoire du quebec vaut la peine qu'on s'y attarde. tellement triste qu'on ne l'enseigne presque plus. texte fort interessa,0
183,@user l’empire mongol et l’ordre des assassins,0
348,@user non le torchon national gauchiste marianne fait un article contre mechencon je revealleluia !,1
788,#muslims #islamisation #grandremplacement… @url,1
57,@user les rebeus tu leur files un flingue ou une grosse cylindrée ils se sentent plus pisser....,1
685,la banque mondiale va débloquer 80 millions de dollars pour les réfugiés et les communautés d’accueil au #niger.… @url,0
299,@user @user @user gauche anti religieuse en général ou extreme droite anti islam tout court (pou… @url,0
768,rt @user meilleure amie sort avec un enfant attarde qui aime la neige...  @url,0
108,@user @user @user plein d'animaux seront en voie d...extinction donc dit merci qui merci mussoli et aux fermier,0
695,viens faire un tour dans le rer avec moi le matin espèce de fils de vieille pute à migrants et je vais t'ouvrir les… @url,1
478,la seule différence que j'ai trouvé entre rich kid et famous dex c'est que famous dex est attardé sinon c'est la même merde,0
54,mdrr fallou mongol un vrai saï saï regardez le deal qu’il pose à l’animatrice... @url,1
124,c’est qui ozil — un mongol qui m’invente une vie @url,0
844,tout est noir quand mes negro refusent de rentrer dormir #ceweekendilsvonttropabuser,1
178,[série d'agressions avec violence : des faits de trop mais peu nombreux en corse] (@url via… @url,1
1133,@user ptddr pour être le plus bo des rebeus le monde chico ridfus gansta la fin il va dire je te fais qu… @url,1
160,@user la violence ne peut pas être la norme. la force nécessaire l'est quand les interventions la requièr… @url,0
588,#assises du gard # l’avocat de la famille de la victime souligne l’extrême violence de l’agression. nonagénaire fr… @url,0
468,@user @user le négationnisme du racisme anti-blanc de l'islamo-gauchiste @user la même argume… @url,1
400,@user personnellement dans la ville où j’habite j’ai plus de chance de mourir du sel que du terrorisme !… @url,0
109,quand des experts arabes éclairent l'islam du xxème siècle &gt; dirigé par #arabiesaoudite + épuration la mecque nou… @url,0
719,mdrrrr saint denis c’est vraiment l’afrique ko,0
1172,@user je n'y avais pas pensé mais il peu à nantes des maghrébins ont affronté des #migrants africains.,0
244,@user @user ah ben cest difficile quand connait que les smartphones le beton et les immeubles,0
159,@user faut arreter mlp c'est qu'une gauchiste !,0
1048,@user @user quel dommage.malgré que @user juin 2017 violence conjugales auto déclarés mentionne q… @url,0
1178,@user ya pas de reconversion qui tienne. mangez ce que vous voulez s'en branle nous. alors laissez nou... @url,1
456,@user @user tu fais dla pub aux renois toi,1
470,@user mdr les babtous et les renois non musulmans vous êtes fascinants ça aborde le sexe en toute décontrac… @url,1
951,dieu ne s’attarde jamais à combler un besoin extérieur.,0
519,expulser migrants,1
390,@user @user exemple tout bete,0
1012,@user il va emmener quelques migrants avec lui ?,0
1024,@user @user mdrrrr. t'es trop mignon,0
720,allez nique ta mère sale juif @url,1
4,@user @user tu sais aussi pourquoi est au dessus ? parce que si veut demain bah ya plus d'ani... @url,0
1033,@user @user tiens encore cette théorie du complot antisémite...,0
40,l'islamisation de la france en pleine expansionle résultat de l'infiltration des musulmans ds ts les strates de la… @url,0
14,@user @user leur violence contre l'ivg les homosexuels le mariage pour tous est largement cobdamnabl… @url,1
1141,@user @user @user un gauchiste ... donc un genie,0
1218,@user @user en fait la violence fait tellement partie de l’adn de l’extrême gauche depuis les bolchevik… @url,1
309,@user @user parl mieu sal attardé,1
1130,@user @user @user ne pas voter c'est donner une voix au lr macron au gauchiste etc,0
754,menard la gauchiste crache sur le cadavre encore chaud de faurisson. @url,0
167,plus les enfants réfugiés sont diplômés plus ils développent :,0
637,l'italie adopte une loi pour expulser plus rapidement les migrants @url,0
611,@user j’capte pas pk s’attarde autant dessus c’est ouf comment c’est vide. remarque valable pour son frère aussi.,0
517,@user @user en plein shabbat aurait crié : « il faut tuer tous les juifs. »antisémite complotiste et… @url,1
947,mais les renois américain ils ont autant de liens avec l'afrique que les blancs américains en ont avec l'europe.,0
45,@user je ne suis pas un gauchiste comme tu le dis. je ne suis jamais considere de gauche. toi tu es... @url,0
98,@user tous ces gens qui refusent de céder au terrorisme intellectuel ça doit en effrayer plus d'un.,0
327,@user vous sous entendez donc que quand les musulmans nous disent le terrorisme c'est pas l'islam ils mentent ???,1
561,@user j’avoue souffre trop nous étudiants renois. force à toi est ensemble !!! @url,0
776,À relire budget record | Évacuations en raison des pluies | moins de demandes mais plus de réfugiés @url,0
87,@user l'endoctrinement gauchiste fonctionne plein pot sur des cliches leur pille leurs richesses le... @url,0
1171,@user @user renz gangsta le plus beau de tt les rebeus,0
874,rappel: l’année dernièretrump avait suggéré que les juifs pourraient commettre des crimes de haine antisémites e… @url,1
1127,@user @user @user merde husseyn j’voulais pas te mentionner toi sale arabe,1
783,@user mais du coup si t'es vegan mais que tu manges des produits non locaux (cafe bananes noix de... @url,0
595,@user si t’es féministe tu défends chacun des droits de la femme même celui de rester à la maison s’occuper des… @url,0
1018,@user ouais maiq tu comprends pas c’est la menace islamo-racaillo-gauchiste quipeut venir de partout,1
398,@user @user @user @user Ça sent le gauchiste vexé...fin de la discussion!,0
37,bien des migrants vivaient aussi dans l'illégalité aux États-unis @url,0
971,@user @user je ne renie pas ce que je suis je mange de tout. je mangerai bien du gauchiste bobo mais j'ai… @url,1
269,@user gauchiste=dictateur,1
177,@user j'ai explose de rire c'etait parfait xd,0
355,« les petites blanches » ptdr s’ils savaient que dans le lot y’a des giga arabes et renois encore plus fan @url,0
1129,y'a plus de renois sur le terrain que dans tous les pays d'afrique subsaharienne réunis #olom,0
526,@user j’suis le renois le plus gentil au monde..,0
396,@user @user ce qui n'as rien voir avec le fait d'etre en haut de l'echelle alimentaire ou no... @url,0
345,ce qui dégoute le+c'est que l'on nous emmerde avec les migrantsles demandeurs de papiers clandestins(qui vivent… @url,0
1041,@user @user commando marine gauchiste c'est triste,0
1075,@user @user yen ils ont du mal capter hein c'est fou,0
591,@user @user il serait peut être temps que je m’y attarde alors,0
1162,@user @user tg fdp sale chien sale juif gaz encetr,1
154,si la tuerie #complotiste et #antisémite de #pittsburgh frappe aujourd'hui les #usa n'oublions pas que cette idéol… @url,1
592,@user bah nn mais des rebeux qu’ont une haine envers les renois yen bcp + que les renois jtrouve,1
973,@user @user l'homme est faible physiquement par rapport l'elephant mais infiniment plus intelligent.,0
359,quel est le mongol qui fait cela? pas de signature... @url,1
778,@user oui et ne veut pas non plus des migrants islamo-africains !,1
986,@user @user d'ailleurs. si tu tiens vraiment la condition de vie des gens et si t'as de la p... @url,0
435,@user @user justement ils comprennent pas ces gens la que les vaches sont crees pas l'homme et que... @url,1
250,@user @user @user je vais te spoiler toi sale juif ❤,1
150,quand en plus la violence sociale (perte… @url,0
869,@user @user ni arabe ni noir ni musulmans ... cela ne peut pas être un acte terroriste mais une fusillade anti… @url,0
1091,@user je suis pas juif sale bougnoule,1
1099,@user quand aura plus d’agneaux pour l’aid comment tu vas faire sale arabe barbu terroriste qui crie tt a… @url,1
950,le sénateur pillon est contre l’avortement contre le mariage gay contre le divorce et contre les pensions aliment… @url,1
1124,@user @user vous croyez que macron aime les arabes? mdr,0
565,déjà d’où tu te permet de venir traiter ? et alors je préfère les renois toi c’est quoi ton soucis ? c’est inter… @url,0
878,il est attardé??? @url,0
559,vos renois d’1m95 110kg qui lâchent des tweets fruités dirait makassy,0
168,elle fait le point.nregarde ou elle en estns'attarde sur les virgulesnouvre des parenthesesnle trema de naeve se ch @url,0
726,mon pere: sale gauchiste de merde juste bonne se faire sauter par des punks chien de l'unef et militer pour l @url,1
963,@user un jour t’avais dis t’aimes bien les renois sur twitter je m’en rapl très bien et puis même en vrai tu… @url,0
504,@user @user @user m'a traitée de sale arabe. de sale blanche aussi.alors je sais pas où e… @url,0
1202,@user @user j'en parlais avec mon fils en 3eme public ..il dit c'est surtout entre noirs et arabes… @url,0
360,@user @user le terrorisme intellectuel serait ici de dire : « définition décoloniale du racisme est exclus… @url,0
948,islamo -gauchiste qui ne peut être élu que lorsque le communautarisme est majoritaire ! @url,1
601,@user @user il n'a pas assimilé l’islam au terrorisme débile il assimilé le sunnisme au terrorisme et e… @url,1
403,@user mon prof utilisé ta photo pour mon cours de violence à l'école ptdr (petite victime) @url,0
472,@user marsault quand il va revenir j’attendrais un niveau de violence stratosphérique car ce gars un nive… @url,0
975,@user j’aimerais que l’on s’attarde sur ta tête qui est juste sublime,0
675,sai ciume mongol,1
208,@user oui mais là depuis le matin je ne suis pas attardé après le match,0
67,@user la vraie question est: la france veut-elle encore un peu plus de violence !?,0
534,qu'on mette les chose au clair. non je ne suis pas con attardé débile ou je ne sais quoi. j'ai un niveau de cultu… @url,0
9,le « sale juif » mis en avant contrairement aux autres mdr #lejouroujaibrulemoncoeur,1
1210,@user @user je ne suis pas gauchiste. plutot droite... mais ca n'a pas de rapport avec ca. ce que je dis... @url,0
1032,y’a deux renois elle sont venu s’asseoir juste à côté de moi alors que le train est vide wesh c quoi lprobleme,0
462,@user @user je ne suis absolument pas contre l’avortement mais je suis surtout pour les contrace… @url,0
340,où sont les rebeus de lyon,0
773,paris : les familles de gendarmes virées d’une caserne pour faire place à 150 familles de migrants ! @url,0
417,donc elle viens d'insulter les arabes de fdp mais tu propose encore tes bras ?? mdrrrr passe à la maison que je t'e… @url,1
306,@user vivement qu’on s’attarde aux pratiquants de water-polo et de twirling bâton. ce sont deux passions bie… @url,0
1110,@user @user @user @user je suis une gauchiste libertaire et catholique pas tres orthodox... @url,0
126,@user @user oh mon dieu non pas le bloquage supreme @url,0
586,@user @user @user le tout marchand est donc une derive gauchiste?,0
653,@user mdrr bah non ah je sais pas trop je t'avoue que je m'attarde pas trop sur leur profil haha,0
977,@user @user attali qui compare les juifs aux migrants. c'est une légitimisation de la violence contre les anti-immigration.,0
832,@user tu ete plus que respectueux les autres beaucoup moins !,0
938,@user @user des petits gestes tout petits gestes,0
1206,@user vous utilisez un média (twitter) dont la violence est coutumière. quittez le réseau et vous serez tranq… @url,0
46,ce qui tue c'est que meme offset il en marre de cardi b wallah apars sa reuss personne peut la supporte cette grosse mongol,1
424,libre le film de @user est un hymne à la collaboration avec la colonisation de peuplement africaine et ar… @url,0
1055,@user houlala l'exxtreme droite au pouvoir pauvre media de gauchiste,1
554,@user @user ce faire de l’argent grâce aux souffrances des autres c’est typiquement gauchiste..,1
718,dans mon équipe à la fac clrmt 20 rebeus/renois sur 600 c chaud,0
308,grèce. À thessalonique les migrants continuent d’arriver ! @url,0
199,@user ta reponse est ici =i&gt; écrivaine et blogeuse engagée. dans libérées - le combat féministe se gagne… @url,0
22,@user décidément n'importe quel attardé peut de nos jours détenir la carte professionnelle. revoyez le con… @url,0
962,@user @user je crains que ce soit sa peur d'être étiqueté facho. pourtant il est déjà considér… @url,0
102,@user @user les rothschild sont dans la grande finance et rothschild = juif dans l’inconscient collecti… @url,0
713,alors que vous appréciez de délicieux #aliments des milliers d'enfants et de #réfugiés souffrent de la #faim et de… @url,0
321,@user @user @user les bonnes larmes de gauchiste,0
1047,@user @user oui nous le pensons et nous avons aucune leçon à recevoir des juifs et des chrétiens car dans… @url,1
201,mon dieu j’suis complètement attardé c’est quitte ou double la,1
81,@user Être de gauche voir gauchiste n'est pas un crime non plus.,0
824,cousine c’est une blanche et elle sort qu’avec des rebeus/renois + elle change de mecs tous les mois je la compr… @url,0
543,pas sortir avec un blanc donc tu préfères asiat/rebeu etc? — asiat rebeu renoi... apres j’ai + kiffé des renois e… @url,1
332,@user @user maniaseries: «4 blocks» explore le monde brutal des clans mafieux arabes berlinois à la…… @url,0
614,@user j...avais grave besoin d...entendre ca merci mec !,0
708,@user si tu considères que sale noire / sale juif ce n’est pas raciste non plus alors je ne peux rien faire pour toi,0
1117,@user @user @user un #gauchiste « qui #pense » : il n'a que la réflexion viscérale.,0
706,l'europe n'est pas un menu à la carte lance macron aux pays qui refusent d'accueillir des migrants @url,1
1176,@user la perversité et la manipulation d'un islamo gauchiste n'ont pas de limite.,1
662,d’où sont originaires la plupart des #réfugiés ? les deux tiers des réfugiés proviennent de cinq pays seulement :… @url,0
686,il faut refuser d'accueillir l'aquarius qui transporte sûrement de faux migrant… @url,1
1076,wesh le cameraman il cssse les couilles filmé le gros porc de rebeus hagrid qui remplace simeone #asmatl,1
599,vérité #islam #musulmans #mosquee #censure #sos #europe #libertéexpression #ong #gauchiste #collaborati…,1
1192,@user vous êtes pro-vie alors. vous êtes contre la légalisation de l'avortement ?vous êtes pour obliger le… @url,1
691,@user c’est comme si tu disais islam =terrorisme,0
992,@user @user @user @user pour sa qu’elle ta reniée sale fdp d’attardé mental gay de merde qu’allah t’aide wallah,1
179,si zemmour disait la vérité  le terrorisme se réclame de l'islam il n'aurait pas pu finir sa phrase. onpc se couc… @url,0
742,- expulsion immédiate des migrants coupables de vol viol v…,0
731,@user pendant 40 ans ânonné : l’immigration (africaine) une chance pour la france ! les résultats… @url,1
393,@user ... le terrorisme est un mode opératoire un procédé technique qui ne porte en soi aucune idéologie. mai… @url,0
715,nous les noirs les rebeus veut tous les éradiquer…,1
589,l’inclusion de la diversité ne veut pas dire acquiescer à l’obscurantisme. en refusant de dénoncer l’islam politiqu… @url,0
926,et le président iranien lors de son discours annuel à l’onu va se plaindre du danger du terrorisme au lieu d’êt… @url,0
712,les attaques terroristes racistes antimusulmans; ne sont que rarement qualifiées de terrorisme. https:…,0
1,@user @user c...est vrai que les anchois sont aller sur la lune et invente de million de technologie !,0
349,@user @user ce lieu est un symbole de la lutte contre le terrorisme pas contre l'islam qui n'a rien… @url,0
946,t’as vla les potes renois pour un rebeu — mdr ça veut dire quoi ça est tous pareil gros @url,0
540,@user @user @user il serait:anti islamisme (anti radicalisme terrorisme extrémisme) ou anti i… @url,0
213,@user peut-être un gauchiste ? @url,0
995,@user @user vs n'comprenez ps si tu n'as ps envie d'en manger tant mieux pr toi ms laisse ls... @url,0
76,regarder ces attardé ptn est pas dans la merde pour 2019... @url,0
509,@user c'un attardé j'suis mort il est tellement fier,1
1150,@user @user y’a quoi de raciste ? :) en mode g dis les renois c tte des pûtes,1
668,@user et présente ça aux médecins gynécologues qui sont contre l’avortement avec comme slogan « tu veux p… @url,0
1198,@user @user ce n'est pas une théorie du complot. c'est peut-être récupéré par les fachos mais l'éc… @url,0
939,non non disent les pauvres bobos gauchistes déjà soumis à l'islam...,1
381,lui c le genre de mec qui finit au tribunal pour violence conjugale @url,0
910,@user ah ouais ils font cegrin les renois avec ca ici,0
1145,@user @user @user tous ceux qui disent que les musulmans et l'islam c'est le terrorisme so… @url,0
416,@user tu es sale comme juif...,1
596,pour ça heureusement j’ai mon côté italien qui sauve les rebeus entre nous c trop grave @url,1
93,@user un témoin de l'empreinte des presque trois cents ans d'existence cumulées de l'empire mongol et de la horde d'or.,0
237,plus de terrasse plus de lumière...réfugiés dans le caveau dans un état de désarroi certain nous gardons malgré t… @url,0
915,le gauchiste francais veut resoudre les problemes du monde defaut de resoudre les problemes chez lui ...donneur @url,0
375,ferme la gros mongol retourne tweeter de la merde @url,1
949,j'ai un seul regret mais je m'attarde pas dessus. faut avancer @url,0
797,@user comme quoi c'est bien un gauchiste de la pire espèce.,1
546,algérie: «les migrants sont beaucoup plus vulnérables maintenant» pour leïla berrato - @url,0
358,jviens de tomber sur un compte twitter c'est insane putain le mec c'est un attarde avec un balais sur la tete avec @url,0
315,@user et elle retour en afrique qui l’attend.,1
188,c'était comment la soirée des attardé mentaux hier soir ? @url,1
405,@user jsuis mort enft même si ya qlq cas isolés dans leur tete des que croises des rebeus dans la rue tu te fa… @url,0
500,@user une féministe qui te parle d'irl.,0
759,insupportables les rebeus pr ca @url,0
624,pas mal de rebeus et de renois qui se sont réjouis que bassem se fasse pincer par la dilcra. sauf que c'était p… @url,1
35,@user @user @user @user @user juste un gauchiste toujours à donner des leçons de morale,0
775,les arabes vont dire c’est l’oeil des gens @url,1
263,@user ce sont les mêmes qui font la morale contre l'avortement....,1
133,ce sont des migrants finlandais aveugle ! @url,1
484,et ça ne dérange personne que l'on parque les migrants comme du bétail ???? @url,0
573,@user @user @user @user oui et alors ou est le probleme j'ai cite l'inde pa... @url,0
865,pourquoi les gauchistes sont féministe et lgbt ou pro lgbt mais veulent acceuillir et intégrer l'islam dans toutes… @url,0
580,@user je suis à roubaix et crois la seule chose qui vole ici c'est les rebeus,1
740,les arabes presque réussis à vous faire croire que dans le coca il de la cocaine et que israël faisait un complot avec cette boisson,1
1088,@user s’est acharné sur les automobilistes (et donc sur les constructeurs) avec une rare violence. et e… @url,0
819,lol é de mongol #pas,0
1046,@user @user @user n'oublions pas que beaucoup de juifs se sont réfugiés au maghreb à cette… @url,0
1017,@user @user @user ce n'est qu'au cameroun qu'on laisse les vraies choses et s'attarde sur l'o… @url,0
329,@user @user @user ah d'accord je ne m'avais pas attardé sur le compte. je crois que moi simp… @url,0
1090,@user @user @user je m'attarde cependant quelque peu : et si vous laissiez les gens se faire leur pro… @url,0
149,mon objectif c de mettre les rebeus à la mode au japon. et je réussi plutôt bien lol,0
75,@user @user j’aimerais bien savoir pourquoi « l’islamogauchiste » est votre ennemi principal et… @url,0
318,sasuke est bête mais naruto est attardé donc sasuke @url,1
1166,@user pcq encore une fois vise les renois non ça n’a pas lieu d’être c’est tt peut toi tu te mets dedans au… @url,0
737,l'islamo-féministe (là-dedans il faut inclure tout victimologiste de gauche dont l'islam est le nouveau dreyfus)… @url,1
1097,violence domestique et femmes spirituelles: la violence domestique n’est généralement pas… @url,0
185,@user dites-moi pas que ça sort pile-poil maintenant parce qu'il pris position contre l'accueil des migrants en europe?,0
131,vs vs rendez compt que la jrisk de sauter pcq jecrii com une mongol jui deg :((,0
863,@user je la connaissais déjà un peu avant mais je m'y étais pas attardé et la vidéo de lol m'a giga hype,0
343,réponse type de gauchiste sur le scandale #nickconrad : je condamne mais...,1
1217,@user @user je suis actuellement en amerique je suis en high school et depuis le debut de l...an... @url,0
1146,@user jviens de te follow sale juif,1
891,#bresil exemple de #fakenews #gauchiste : ces sont les amerindiens eux-memes qui tuent les nouveaux-nes en les en @url,0
1211,@user @user @user s'il l'a fait c'est pour ton bien. le gauchiste sait ce qui est bon pour toi.,1
983,@user @user yes je le suis mais j’ai l’impression les noir d’afrique c’est que ceux de l’est ici,0
1167,@user ils le prennent pour un attardé ou quoi ptdr,0
569,@user j'ai vu ta vidéo et je te conseille vivement d'installer l'appli' @user qui lutte contre le cyber-harcèlement.,0
787,@user @user @user trop chou merci ,0
122,comment sortir du débat des « pour ou contre » l’avortement pour entrer dans un dialogue d’écoute d’amour et de co… @url,0
89,grèce: les transferts de réfugiés et migrants vers le continent s’accélèrent @url @url,1
870,@user si vous arrivez m'expliquer ce qu'est l'extreme droite sans les lieux communs et la propagande gauchiste ca m...interesse,0
116,feuilleton bêtisier (3)cohn bendit parlant de jlm un complotiste anti macronien normal vu sa formation trotzkiste… @url,1
628,@user @user @user c'est pas à toi que je parle. t'as pris le melon sale arabe. ( jeu de mot) lol,1
710,@user sale arabe arrête d'envahir nos pays violer nos filles et voler notre travaille !,1
280,@user mediapart islamo - gauchiste ? c est le titre la plenel ou j ai mal compris ?,0
291,@user mais soma gros mongol cinnamon c’est quoi?,0
496,@user les pays arabes n'ont qu'a les accueillir nous n'en veut pas ras le cul,0
551,avant la prison le point commun entre les terroristes c’est l’islam.,0
1125,@user les gens se sentent tous visés ! c’est une secte alors ? comme les blacks les arabes les instits...,0
395,@user c bon tg tu force sale arabe,1
918,@user @user oui souvenons nous des massacres des camps de réfugiés de sabra et chatila commis par les phal… @url,0
190,@user non à la dictature de la pensée non au terrorisme intellectuel. oui à la liberté d'expression de conscience et d'opinion.,0
249,@user pareilj’aime pas voir les gens malheureuxmême ceux que je connais pas vraimentje m’attarde toujours u… @url,0
1013,@user j'ai toujours été contre l'avortement c'est une question de conscience pour moi la vie c'est sacré ri… @url,0
1066,@user jpense il s’y est pas attardé bc ça aurait pas intéressé grand monde (jcoco très peu de gens qui se pose… @url,0
247,@user l’islam aussi pris source en arabie du coup je ne sais pas si ça annule l’assertion du terrorisme ? com… @url,1
885,@user t'imagine pas comme tu viens de rendre mon debut de journee plus beau.. merci ^^,0
1043,@user mdrrrrrr bah ouais m’a dit vous êtes énormément en licence street mais asquip y’a priorité aux rebeu et… @url,0
527,@user @user @user ouuuuin bb,0
72,mon voisin du dessus il est pour le psg ce mongol il vient de faire un énorme hurlement en criant « mbappeeeeee » o… @url,1
3,@user sjw et féministe twitter un sale combo,0
1067,@user ptdrrr merci gauchiste pref,0
88,tout les jours negro c'est fridayyyyyyyy,0
1068,@user @user l éducation gauchiste de l enfant roi ...,0
1061,@user @user merci,0
100,macron annonce la création d'un musée-mémorial pour les victimes du terrorisme @url via… @url,0
1037,@user wow j'sais pas comment tu fais mais tu fais accelerer mon coeur distance arrete ca mec jme sens toute timide la ;v;,0
513,que les renois qui peuvent tweeter ça sans gêne mdrrr @url,1
339,@user Ça les attires pas les rebeus,1
556,les renois sa mère ils payent jamais les taxis,1
231,@user @user l'argument c'est que les noirs et les arabes se revendiquent comme noir et arabes et le pigeon g… @url,0
676,ensemble luttons contre les violences dans nos communautés,0
480,c'est quoi un bobo gauchiste — un mec qui se relaxe devant quotidien qui écoute du « jul » seulement pour se donne… @url,0
30,qui de deter aller au chinois ds la semaine la j...ai trop envie d...un noich,0
1208,@user @user @user ptn je ne vais même pas lire le thread gauchiste je sens que je vais psychoser à mort,0
940,Ça l’air sympa de pas être une sale arabe @url,0
904,genre les indigènes c'est les noirs et les arabes ptdr est en europe,1
585,gnegne simon choisis toi un prénom arabe hihi c'est trop drôle sale pute dégage la vie je vais déménager putain,1
520,@user calais les migrants viols et agresse même les habitants qui leur vienne en aide à cause de ça les habitants quitte calais,0
786,@user @user non. tuer ce qu...on veut. quelle phrase ignoble. qui etes vous pour decider qui doit vivre ou mourir ?,1
1184,@user @user comme ça tu pourra dire c cause des renois allez bsx,0
631,@user si faisait des généralités comme ça sur les renois ça serait appellé de la discrimination et tu le… @url,0
289,@user @user il 19 ans l'attardé il lui faut du temps et pourtant en 2 ans de carrière en pro il est… @url,1
32,c'est tres classique qu'apres une periode gauchiste un redressement s'effectue d'autant plus violent que la period @url,0
491,@user . quand 16% de la population est musulmane le processus d'#islamisation est irréversible un poin… @url,0
539,@user les 58 migrants de l'aquarius sont un signe fort envoyé aux africains mais aussi une diversion de ceux… @url,1
1086,@user @user il faut arrêter le discours stupide et humanotaro-gauchiste qui consiste à importer la gue… @url,1
651,meurtre d’une adolescente: «les médias canadiens préfèrent protéger les réfugiés»: @url via @user,0
535,@user la lecture de ceci interroge grandement pour elle l’alcool est une des complications de la violence fa… @url,0
847,mouvement végane : mouvement pacifique voir militantiste qui prône un monde où tous les animaux et tous les humain… @url,0
994,@user la pauvreté n'est le collateral de la violence pas plus que la richesse. il faut chercher ailleurs,0
431,@user et toi personne t’a demandé d’ouvrir ta gl sale arabe,1
871,@user @user c’est déjà mieux que l’islamisation le grand remplacement est inévitable alors autant fai… @url,0
1079,@user @user non non. complotiste anti-etat-qui-raquette-les-automobilistes-qui-bossent-eux,0
281,bah y'a qu'à quand même de très belles phrases si s'y attarde un peu @user @url,0
566,@user @user c quoi tes sous entendu de menace je dit que les feministe casse les couilles et castre l... @url,1
816,@user @user @user ah ben si tu les méprise ça se voit sinon tu te battrais pas contre l’avortement.,0
0,moi j'ai personne à qui m'adresser pour réclamer. le voisin c'est un attardé puant et bruyant dans les administrat… @url,1
532,.@user va débloquer 80 millions de dollars pour les #réfugiés et les communautés d’accueil au #niger,0
900,aubenas (07) : manifestation en soutien aux migrants ce samedi 22 septembre 2018 à partir de 9h sur la place du mar… @url,0
1057,@user @user ah le gauchiste... l'amour du débat l'honnêteté intellectuelle! :) @url,0
82,liverpool l’islam le psg le terrorisme fuck nasser,1
1085,@user @user @user peut aussi dire qu'on est totalement menacé de submersion invasion is… @url,0
558,@user nan nan abuse pas non plus je suis algÉrien et giga fier de l’Être. mais j’ai une préférence pour les renois.,0
1147,@user en + j’ai vu que des renois et des blancs,1
736,les sud-coréennes ne veulent pas de migrants ! @url via @user,1
636,cette vidéo traumatisante du rituel de coalition mr-nva été censurée de facebook pour « violence extrême » survi… @url,0
516,je suis gauchiste jusque dans la masturbation,0
379,@user wa fik ben c'est assez simple pour les abrutis qui l'écoute rap=banlieue=immigrés=arabe/noir=islam=terr… @url,0
755,par ailleurs donner des leçons de militantisme lgbti quand est dans un parti complotiste qui fricote avec l'ext… @url,0
678,@user oui j'imagine... courage udc99 nil m'a pas directement envoye la photo j'ai eu cette chance,0
856,@user @user @user il 15% d’arabes israéliens en israel. ils votent et ont des élus : +10% de… @url,0
7,nous aussi nous luttons contre le colonialisme en l'occurrence la colonisation de peuplement africaine et arabo-mu… @url,1
1093,@user non les parents n'étaient pas rebeus...,0
459,#hdespros @user vient sur votre plateau comme tout gauchiste qui veut imposer son discours. ils font de… @url,1
917,intelligence d'un ado attardé !!! @url,0
439,@user je suis pas attardé dans la gare mais dehors ca appelle de partout en effet.,0
437,nos renois ont du talent #cnfcrcl,1
483,pour être considéré militant antiracisme il faut faire seulement deux choses :,0
146,par contre c'est ca j'aime pas ils l'envoie en inde se faire avorter mais frère avortement ausis c'est haram ta peu… @url,0
958,@user @user le chercheur qui diriger cette etude que tu n'as sans doute pas lu precise bie... @url,0
163,bref il est jamais trop tard pour tomber amoureux de moi à ce stade j’accepte tout le monde mais surtout les renois… @url,0
296,cuadrado faut le fumer cet attardé ptn il est trop nul j'ai la haine casse toi de mon club @user,1
53,#harcèlement sociale. piratage informatique. vandalisme auto,0
1065,@user parce que la justice et les médias gauchiste français sont des lâches et anti blanc la racaille est tr… @url,1
642,@user @user selon toi doit laisser les enfants se traiter l'autre de sale arabe ou de sale blanche ? drôle d'éducation,1
406,ptdr c'est vos darons qui vont payer tout ce que vous degradez pdnt la purge bande d'attardé,1
563,@user @user « nous sommes en france ».... « nous ne sommes pas en afrique » vos propos sont d’un ri… @url,1
123,@user et ds les campagnes ..ou macron met 72 migrants dans un village de 400 personnes...et ou vont aller l… @url,1
656,@user @user @user @user oui je suis maman. et pas de violences chez moi. en aucun cas. la violenc… @url,0
1113,@user la civilisation cartagienne l`apogee de l`empire grec le negre cypion l`africain...,1
135,déguisement pour chien mongol @url,1
438,@user mongol j'espère que tu comprends mieux maintenant pauvre mongol,1
645,hier je parlais avec un intello-gauchiste qui m'a dit:nnfaut bien reconnaitre qu'une seule religion aujourd'hui p @url,0
151,@user @user @user ecoute moi j'ai obtenu le titre très prisé de bobo islamo gauchiste donc bon,0
547,que tu sois pour ou contre l’avortement c’est le droit de chacun mais ne doit pas mêler ses convictions personne… @url,0
171,encore un complot judeo-maconnique lgbt gauchiste #grandremplacement @url,1
872,ahahah il croit dur comme fer l'avion de ligne qui fait des pirouettes quel giga mongol @url,1
893,les réfugiés rohingyas prient dans le camp de réfugiés de kutupalong au bangladesh. @url,0
254,@user vous êtes fatiguant donc dit fermer sa bouche grr le blackos en face lui normal porte tee shirt bande de faux dérch,0
495,@user installé @user stp ! je n'le dirai jamais assez. c'est une appli' contre le cyber-harcèlement.,0
313,tous les potes de clara ils m'appellent ton pote chinois mdr c ouf g pas l'impression de tant ressembler un noich que ca????,0
747,@user surement des arabes pour changer !,1
883,@user les propos de zemmour sont inadmissibles mais en parle des “sale français” des “je suis plus français que t… @url,0
693,hier j'ai fini la saison 1 de punisher. je crois que je n'ai jamais vu autant de violence dans une série ou un… @url,0
639,entre vals et moix la france perd..... euh pas grand chose en fait. exile les réfugiés qu'on peut. @url,1
672,@user bobo islamo gauchiste féministe à maniere au moins tu l'avoues tu es une bonne pédale bien pensante quoi ^^,0
489,invité afrique - algérie: «les migrants sont beaucoup plus vulnérables maintenant» pour leïla berrato @url,1
1094,@user y’a des rebeus hein ?,0
1108,@user @user y'a que les capitaines arabes qui ont voté pour salah,0
295,@user @user tant d'imbéciles ne réalisent pas à quel point l'invasion arabo-musulmane de l'europe peut être dangereuse.,1
165,@user @user le bobo citadin pleure parce qu'1 vache va finir en steak dans nos assiettesil s... @url,0
888,en corse avec rachid.. ce soir il traité de sale arabe en direct à la télé. ..ahahah. .rachid... @url,1
692,@user @user @user @user ils mangent pas de porc parce que quand il les tuaie... @url,0
271,@user entre les juif et les arabe tout le monde sais qui poignarde dans le dos sale puteri,1
953,@user moi le gros droitard nationaliste liberateur ca mere je pense toute le temps tuer copine la gauchiste anarchiste,1
864,pfff c'est dingue le nombre de meuf blanche qui se font fourrer par des renois qui font du foot. vazi c'est quoi vo… @url,0
640,@user l'avortement n'est pas forcément traumatisant non la grossesse forcée par contre... encore une fois… @url,0
835,les #migrants traversent la mer et trouvent les aides sociales,0
722,cette météo islamo gauchiste fatigue elle pose vraiment problème dans mon dressing républicain,1
257,@user @user l’islamisation de la france est en marche...financée par les caf. c’est probablement la première… @url,0
238,@user c'est du jargon gauchiste tellement galvaude que s'en est devenu un running gag.,0
989,@user @user @user ferme ta bouche le petit bourgeois gauchiste n'a pas besoin de ta propagande.,1
505,@user corrente de mongol,0
1064,@user @user @user personne qu'elle qu'il soit ne doit imposer son regime alimentair... @url,0
73,des noirs au milieu des rebeus pour la technique c’est mon lyon ça @url,1
724,il faut expulser ces #migrants hors de nos frontières. #nantes @url,1
916,@user nique ta mere fdp et va sucer et defendre des animés comme ci c’était ton daron si qlq pas les mm gout… @url,1
581,@user ferme ta gueule ptit con guette ton blaze d'attardé mentale fils de pute,1
476,dégoût dégoût dégoût. mais il faut accueillir les migrants africains alors qu' ils ont des richesses et pourrai… @url,1
613,entre les colis pieges fabriques par cesar sayoc l'ultra-droite peut critiquer l'electorat gauchiste democrate ame @url,0
1100,@user @user les végans sont-ils contre l'avortement ?,0
120,@user @user ouaip c'est dur comprendre dans le 16eme paris intramuros quand les seuls vac... @url,0
822,non ce message n'a rien de subliminale ..... il est dans la continuité du terrorisme intellectuel il faut le métis… @url,0
498,depuis ce matin j'ai envie de coller une gifle bien patriarcale à cet ado attardé qui nous fait office de président… @url,1
341,@user @user alors deja ton ecriture pas francaise comprend rien. ensuite les meufs ca s'epile. e... @url,0
774,est allé à la boutique nespresso ptdr le mec il demandé si achetait du café pr l’hôtel il vu deux renois… @url,0
936,chez bcp trop d'arabes aussi et ils sont tellement occasionnellement ds mes cercles que la questi…,0
811,il m'arrive un truc comme ça j'accélère comme un mongol et j'ecrase des gens m'en balek (je pleure race en vrai) @url,0
533,@user @user exactement ! comme y'a des rebeus et des turcs qui prennent des prénoms civilizi pour passer crème !!!,1
1164,@user @user @user nonsense!,0
36,@user @user vous comprenez tout de travers. il n'appelle pas les africains à franciser leurs noms… @url,0
1078,@user @user vous avez si mal ? si il préfère les renois c'est ses goûts pourquoi direct mal parler ?,0
521,malheureusement en #france un de perdu dix de retrouvés ! #migrants #stopimmigration @url,1
771,@user si des arabes te disent que nous sommes coupables c’est sûrement que nous nous sommes innencents,1
474,rt @user fort interessant que ce soit gauchiste que de faire payer les pollueurs pour la pollution que leurs industries produisent,0
654,Évidemment un bon gauchiste ça faydeuxtweets et après ça n’a plus d’arguments sinon il se contredit lui même... … @url,1
567,@user j’suis bientôt sale arabe de merde,1
518,#pmasanspère : au nom du désir tout puissant des adultes sur les enfants permet cette violence sur leur identité profonde.,0
1115,@user mêler islam et violence de manière systémique voilà le but... qu ils utilisent le terme terrorisme... c… @url,0
1188,@user @user @user alors que dans les pays occidentaux est tres friand de viande... @url,0
1137,@user @user ils veulent ça des bons petits rebeus de maison,0
414,aujourd’hui pour la première fois dans vie m’a traité de sale arabe dans la rue c’est partie en del,0
956,@user @user @user je te parle par rapport à au protestantism tu dit que nous mélangions du polythéism… @url,0
635,@user @user il serait capable de dire ça à ces pauvres réfugiés je pense oui,0
442,@user @user ah bah si veut lui explose sa race au char leclerc car eu l'intelligence de le developper,1
13,@user pour ou contre l'avortement ?,0
429,@user nan à mon avis ta pas visité la map et ta pas chassé et tout. tu t'es plutôt attardé sur les missions pri… @url,0
814,@user je sais pas trop si c'est du troll mais j'espère parce que halloween = satan ça fait vraiment attardé religieux,0
1151,@user @user @user une belle gauchiste 100% pur sang nathalie appéré!,0
576,les nouvelles yeezy elle pue sa grand mère c’est pour les renois pour les rebeus gile-fra suceur de bite et qui suivent la mode,1
86,@user @user @user mon dieu ! ca doit etre formidable d'avoir un cerveau de gauchistes..... @url,0
998,@user @user parler des médecins africains travaillant en france il était juste de signaler que parmi tous… @url,0
748,naza mongol te po na banda ko seka seka kk boyer sans lucratif,1
1215,@user quand il n'est plus possible d'établir des liens de confiance avec les institutions la violence n'est p… @url,0
980,@user la violence mdrr va falloir que tu censure tes tweets,0
1173,@user merci theo aka brainless connu sous le pseudonyme du plus beau de tous les rebeus ..,0
467,@user @user @user @user @user vous etes pourtant toujours gauchiste malgre vous me... @url,0
446,je viens de découvrir le mode nuit de twitter je suis vraiment une attardé,1
239,meme paganelli il en peut plus de l'autre mongol de commentateur #olom,1
129,@user cet attardé mental il même pas un diplôme. donnez son emploi à un chômeur.,1
784,confirmation..les migrants s'agglutinent à irun dans des gymnases espagnols en attendant de passer en france par la… @url,0
307,elle parlait sa pote et lui dit c'est un renoi.. ah… @url,0
278,les renois ils ont des gènes de titans wsh ils poussent 3 jours ils sont stock,1
845,s'attarde trop sur le côté médical avec les hôtes,0
198,@user @user ceux là méritent même pas qu'on s'attarde dessus ..j'vais pas faire unanimité là dessus… @url,0
886,#habs deux buts c'est bien beau mais quand s'attarde à la façon dont kotkaniemi travaillé hier et au contex… @url,0
1058,@user @user @user @user @user tombez les œillères! la violence touche aussi les père… @url,0
1197,@user non des sale noirs et des sale arabe,1
959,@user il faut croire que ces ong sont soutenues par le gouvernement qui favorise l'immigration massive et l'islamisation du pays,0
1126,@user @user donc en fait pour proteger les especes animales vous les condamnez l'extinction... @url,0
745,@user qui connaissait ce militant de la cause animale esteban qui tué en se défendant un jeune gauchiste no… @url,1
444,@user la france est un pays multiculturelle observe la langue française elle intègre des mots arabes utilisés… @url,0
1123,@user @user @user il n'y rien comprendre un gauchiste est un gauchiste. il peut raconter tout e... @url,0
272,dc en fait au ils n'ont tjrs légalisé l'avortement ça reste un sujet tabou. par contre ça fait 4ans qu'on appren… @url,0
860,les renois c'est un délire comment ils dégagent un bail surtout qd ils mettent des durag jvs love,0
853,manœuvre gauchiste habituelle : @user essaye de détourner l'attention portée sur #nickconrad en utilisant… @url,1
671,franchement j'ai regarder des reportage sur les renois qui vivent en corée ils tiennent pas du tout le même discour… @url,0
314,un mélange flou entre qqun empli d’amour et de violence le paradoxe à son paroxysme l’art pas pour sa beauté mai… @url,0
1002,@user @user euh je ne suis vraiment pas attardé sur ‘’ belle fille’’ hein je demande si tu dé… @url,0
696,@user @user je te retourne le conseil sur la véracité des infos je ne doute de la violence d'aucu… @url,0
458,@user @user il est raciste mdrrr quel il veut parler des renois et il parle mal des femmes rebeu,1
574,@user hahaha mais en même temps la cisphobie n'existe pas donc il pourra jamais comprendre vraiment ce que ça fait ?,0
716,bien des migrants vivaient aussi dans l'illÉgalitÉ aux États-unis 35 % des migrants illégaux interceptés au québ… @url,0
572,@user en vrai les rebeus et les blancs en premier jpeux pas les départager..,1
1040,@user en fait en tant qu'agent de securite la loi nous interdit de palper sur une personne du meme sexe (... @url,0
577,@user @user sachant que 85/90% des musulmans sont sunnites donc ouii il assimile l’islam au terrorisme,0
6,@user dekoi tu parle jte dis ta ps honte de dire half black lieu de half pakpak attardé,0
1101,@user @user exterminer pour ne pas les faire souffrir. ca rappelle la deuxieme guerre mondiale ca,0
627,@user « tant de noirs ne réalisent pas à quel point l’immigration est dangereuse pour l’europe et vide l’afrique de ses forces. » moi,1
302,mdr les renois qui disent rien à 69 honte à vous,0
935,splash sur les identitaires qui pensaient tomber sur un negro stupide vos mères @url,1
310,grande-bretagne : la prière musulmane est récitée (en arabe) avant l’ouverture de la session du conseil municipal d… @url,1
155,@user ferme ta grande gueule une deuxième fois si tu voulais parler à ta sale arabe de copine fallait la mentionner elle et pas moi.,1
1153,@user @user @user les statistiques ethnique dementirez aisement ce temoignage d'une gauchiste dt l'i... @url,1
793,j'adore voir la eternalfreedom si prompt à défendre les palestiniens avec ses copains rebeus et qui se retrouve bie… @url,0
1174,@user @user @user et dites aussi vive le front national pendant que vous etes ! c'est une... @url,0
800,@user @user regarde moi c’est les reubeux d’autres c’est les renois par contre blanc jsp mais ça dépend grave des meufs,0
849,@user et vu qu'il vient du maroc il est certainement affilier aux djihadistes. n'est ce pas un parfais islamo ga… @url,1
228,@user exactement xd comme tu es un ami précieux je m'attarde beaucoup sur ce genre de détails xd,0
818,look de coctktail en blanco negro @url,0
486,@user @user @user pas le temps ! le gouvernement est déjà assez occupé comme ça avec les migrants islamo-africains !,0
217,#immigration #islam quand les clans arabes font la loi en allemagne. tant de laxisme fait vomir. lire. @url,1
834,mais ils ont grv la grisaille les renois laaaa tema matuidi @url,0
33,@user c’est de la violence dont vous êtes le produit?,0
1183,voilà ce qui se passe aujourd'hui dans nos forêts françaises la violence à l'état pur ! les bou…,0
782,moi je trouve que yann moix n’a pas dérapé sur la question de la violence policière. biensur que yena et ok faut pa… @url,0
378,@user @user @user la bonne pote gauchiste de chirio,0
882,l'histoire du quebec vaut la peine qu'on s'y attarde. tellement triste qu'on ne l'enseigne presque plus. texte fort @url,0
331,contre l'avortement soutenons le docteur bertrand de rochambeau @url,0
597,pas de sexe pas de violence pas de religion pas de drogue apple va consacrer 1 milliard de dollars dans un rema… @url,0
912,@user il est temps de renvoyer l'afrique,1
937,@user je nique ton pere le chameau de ses morts espèce de fils de tournante que tié jvai t’enculer et tu… @url,1
1158,@user @user @user l'islam interdit formellement le terrorisme. ceux qui connaissent l'histoi… @url,0
205,le parti danois qui veut expulser les “migrants musulmans qui abusent des aides sociales” se développe rapidement @url,0
780,rt @user le parti de melenchon condamne la visite de 185 patrons francais en isralnla section rennaise du parti islamo-gauchiste l,1
176,@user @user la france l’europe une bonne partie du monde arabe et du monde tout court considère le h… @url,0
225,@user @user @user le danger pour la france sont :l extrême gauche violente (noborderantifaza… @url,1
1194,: [@user @user @user quand vous accusez bts d’harcèlement s*xuellec pas grave mais quand ramène l… @url,0
216,en israël les migrants africains se sentent victimes de « racisme » - @url @url,0
932,@user accueillir 58 migrants c'est sans fin ça appellera la venue d'autres migrants et vous le savez très… @url,0
1003,@user je suis pas assez attardé sur son album j’irai réécouter,0
215,ptdr il tout à fait raison mais dans les commentaires grave des meufs qui disent les renois mettez vous aussi… @url,0
638,@user @user @user @user tellement facile et éculé ce terme de gauchiste asséné dès que… @url,0
428,ferme ta geule connasse avec tes chansons rebeus si tu veux vivre comme ça etc rentre chez toi ici est en france #udpp,1
906,yanïs je t’ai vu rt sale arabe ptn @url,1
594,@user parce qu'ils n'ont jamais froissé les juifs ils savent que tant qu'ils insultes les noirs les arabes ou les… @url,1
925,donc là mère viens de m'insulter de sale arabe de merde ptdr en est là @url,1
877,nouveau virage à gauche du ps revenu dans l'opposition. après le mandat hollande… faire de l'accueil des migrants… @url,0
65,@user les sunnites autorisent meurtrespédophiliepolygamie violence contre les femmes etc.tous les pays… @url,1
839,jsuis un sale arabe,0
750,@url @url @url tu dit de la merde putain de gauchiste @url,0
436,plus il s’attarde sur son doctorat moins il publie plus il se dirige vers les marges du système. mais sa product… @url,0
373,@user le rapport avec le terrorisme c'est l'argument de la vision biaisée de l'islam dont tu parles. d'ailleurs… @url,0
148,@user @user une insulte appelle cela une insulte. dans sale blanc sale arabe sale noir… @url,0
1213,@user ils ont fuit l’espagne ils se sont réfugiés en algérie mais quand les français sont arrivés ils so… @url,0
1182,@user enfin je dis ca c'est plutot de notoriété publique que je suis un turbo-gauchiste. mais même là ca re… @url,0
1105,@user @user @user toutes les femmes catholiques sont contre l'avortement.,0
304,cette œuvre d'un #artiste #français pour les #réfugiés - une immense fresque sur la pelouse de la perle du lac à… @url,0
106,@user tu sauras que ca s'appelle la chaine alimentaire apprend ca l'ecole,0
575,oh oui... n'oublie pas que cette population est surreprésentée dans les prisons le terrorisme les agressions… @url,0
622,@user @user @user avez vous déjà été traité de bougnoule negro sale juif ? quelle serait votre réaction ?,1
683,plus de 60 villes ont déjà dit oui pour venir en aide aux réfugiés. et l… @url,0
256,loon-plage : la cycliste inventé son agression par des migrants. elle est simplement tombée de son vélo. @url,0
60,pensez-vous que les rebeus et renois s’aiment réellement ?,0
584,appeler son enfant mohammed ne l aidera pas intégrer.. c est une forme de terrorisme intellectuel... @url,1
497,@user @user ah y'a de tout dans ce monde. il nous faut des cucks ayant des qi 2 chiffres ma... @url,0
312,les rebeus avec des pp messi et death note ça parle de vous les puces @url,1
525,j’ai failli postuler dans un magasin de fringues mais le fait de penser à garde-robe de bobo-gauchiste non-bina… @url,1
659,@user À toulouse oui dans la rue le commissariat et plus que d'entendre sale noir ou arabe...,0
892,en france les coiffeurs rebeus ils passent du rai... ici ils mettent du kaaris en mode le 93 leur manque c'est beau,0
897,porter plainte après harcèlement sexuel ? un exemple qui montre que si c'est nécessaire ce n'est pas si simple... @url,1
338,c'est bete de rt trop vite des informations provenant de la conosphere islamo-gauchiste.nnc'est revoltant de se rej @url,0
689,@user jc pa jc juste que les anciens que jconnais les rebeux c raciste renois alr que ls anciens renois ils sen foutent,0
728,@user tu e mongol,1
808,est pas obligé d'être d'accord avec tout ce que dit @user mais «l'antisémitisme ce n'est pas que de l'hos… @url,0
229,mais ils ont quand même aimé une atmosphère qui garde son identité et la violence du dessin de ryp. :),0
617,@user beaucoup de migrants viennent également de pays anglophones et autres. il y’a un déséquilibre entre les… @url,0
346,seigneur j'apprends qu'une giga pute de mon ancien lycée gueulé contre l'avortement.,1
95,en écoutant cette chanson en entier se rend compte des influences arabes grâce aux sonorités utilisées en fond.… @url,0
805,des villes solidaires #aveclesréfugiés,0
605,@user @user la principale source du terrorisme c’est l’islam. le principal centre de formation c’… @url,0
1118,@user @user @user mais c est l hiver putain!fait froid!,0
481,@user @user juste avec la bio du mec peut voir que c'est un gauchiste (in)soumis,0
1089,@user @user @user @user j’ai absolument pas lu ce que t’a dis et jvais perdre du temps pour un d… @url,0
48,@user @user @user @user ? quelle forme de violence ? je pose juste la question de savoir ce q… @url,0
432,@user foutez nous la paix sale juif...,1
701,mdr jacquemus il est un peu raciste des arabes moi j'dis sa jdis rien,1
1016,@user en fait quand s'attarde un peu sur les tweets de ce compte...,0
383,@user @user ils sous entend que les bobo gauchiste dont il parle sont tous des islamo-gauchiste des gens… @url,0
268,@user tant de violence ... @url,0
524,perso j'accueillerais bien 1 migrant pour chaque nick conrad à expulser.,1
290,@user @user @user ah oui ? et ca c...est quoi ? @url,0
84,@user peut-on imposer son (4x4 qui pue | caractère pourri | imbécilité | violence | chat | incontinence | a… @url,0
619,cst comme parler d'islam et de terrorisme. les gens qui brisent des vitrines détruisent sous-couvert de l'antispé… @url,1
529,@user @user tu le presentes comme une moyenne mais dans un reseau trophique la place peut va... @url,0
979,@user @user ben que les voilées font la promo du terrorisme et que la france est en guerre avec… @url,1
600,la légende des darons renois en boîte est bel et bien vraie,0
804,d'après @user la police ferait mieux son travail s'il avait plus d'arabes et noirs parmi les policier… @url,1
735,comment il place sa phase sur « les renois de stamford bridge » pfiou il prend n’importe qui en leuleu,0
1159,@user tous mes profs utilisent le bon prénom et j'ai même changé de prénom au secrétariat de la fac,0
984,@user sinon il les blédars rebeus ; c'est un pléonasme. c'est pareil,1
347,bah non mais les rebeus aussi ont une grosse bite — bon tg @url,1
670,@user vous croyez vraiment ou vous répétez n'importe quoi qui se dit sur le net ? ce site est complotiste antisémite et délirant !,0
353,paris première mise en demeure pour des propos d'Éric zemmour sur les migrants musulmans @url via @user,0
311,du coup petit tips pour les migrants qui vont se faire se faire expulser bouffer du nutella @url,0
1026,@user ptdr sale arabe,1
62,#europe #france grèce: les transferts de réfugiés et migrants vers le continent s’accélèrent  @url,0
1050,@user @user t'aime bien le gout de la viande un carnivore c'est tout.,0
119,@user brefffffffffff je m’attarde plus psq vous aller rester sur votre point de vue et moi sur le mien donc au revoir,1
139,@user ptn j’en ai marre des rebeus,1
258,@user @user @user non je préfère juste que tu arrêtes d'employer ton vocabulaire de gauchiste (c… @url,0
593,@user @user @user @user @user comment débattre entre gauchiste sans aucune contradiction,0
538,@user @user pourquoi des pays très riches comme l'arabie saoudite le qatar les Émirats arabes etc. ne le… @url,0
1014,@user mais encore ? un jour il faudra faire une étude sociologique sur le tropisme gauchiste / socialiste… @url,0
1177,@user j’ai été sur place chez mon opérateur ils m’ont y’a rien à faire à part porter plainte pr harcèlement ou changer de numéro,0
333,@user @user recu donc sacrifie une espece pour ne pas les tuer et les manger . c'est pour c... @url,0
111,@user mdrrrrrr sale arabe,1
402,encore une gauchiste déconnectée ...,0
56,@user @user merde aux juifsmerde aux arabesmerdes aux blancs aux noirs.nous sommes des humains un point c est tout !,1
1059,@user @user @user non mais le gauchiste est très long dans la compromette...,0
26,dc maintenant dire que @user ou le @user sont des lobby juif et sioniste sachant qu’il se revendique tel que… @url,0
511,@user bah s'ils disent qu'ils ne sont pas français ce sont donc des migrants ? il faut donc les expulser !,1
260,@user @user aucun rapport sachant que les rebeus sont rois en la matière,0
12,@user @user @user et vous vous êtes contres la pma pour tout le monde et contre l’avortement. el… @url,0
162,@user espèce de sale arabe,1
1207,@user ils te pensent seulement gauchiste et féministes? les pauvres,0
490,tous les jours negro c’est fridayyy,1
91,@user @user grosso modo les ouïghours sont un peuple turc (ou turco-mongol) et musulman. bien s… @url,0
1114,@user j’avais vu ça dans une de tes vidéos déjà mais j’m’y était pas attardé c’est futbin de pes en fait mais en mieux :p,0
172,rt @user @user @user @user @user je suis une gauchiste libertaire et catholique pas tres orthodoxe,1
957,@user @user @user c'est pas les migrants qui viennent piquer le travail des français c'est les t… @url,0
941,peut-être que ceux qui émettent les oukases non violents sont relativement protégés de la violence. mais il semble… @url,0
602,je suis un attardé mental je viens de réaliser que la toussaint s'appelait comme ça pcq c'est une célébration de tous les saints,0
615,y’a un des renois il va lui prendre le maillot va lui dire allez dégage morveux @url,1
415,quand wauqiuez fait presque passer phillipe pour un gauchiste le droit d'être dépité ? #lemissionpolitique,0
752,@user @user non c'est forcement une saloperie de gauchiste,1
79,des #migrants clandestins armés s'affrontent devant la fac d'éco-gestion à #marseille. les expulser est une urgence… @url,0
83,(charente libre): l'#italie adopte une loi pour expulser plus vite les migrants : le conseil des ministres italie… @url,0
440,lmao yaura moins de rebeus que sur certaines lignes actuelles de la ratp @url,1
477,@user @user pck il tape tjr des actions de renois griezmann,1
409,@user @user tout à fait d'accord pour summoning! comme ca s'attarde sur le côté sombre du seigne… @url,0
810,@user c'est totalement le cas deja essaye de prononcer ca la tele et tu verras c'est un peu comme l'expression gauchiste,1
579,@user et deux autres choses : aucune interaction avec les féministes alors que c’est la base du mouvement et le… @url,0
451,@user ouais askip tu aurait sorti sale juif selon les dires de zeuby,0
896,journaliste extrapole encore «  voit qu’e.macron ne s’attarde pas sûrement de peur de se faire interpeller sur l… @url,0
1191,@user mongol dmais,1
867,bizzarement y’a que des renois qui m’insultent serai ce les plus grosses putes de l’univers? mdr,1
1045,@user ptdrr ta tous les renois de châtelet ils vont arriver en ball,0
112,@user lis surtout les papiers signés par @user @user et philippe leclercq. ne t'attarde p… @url,0
50,@user si vous voulez mon avis le patient mike doit canaliser tout son amour sous forme de violence...,0
182,y’a que sur twitter que les noirs font du bruit par allah dehors jamais vu un noir dire sale arabe ou l’inverse hein,1
1139,@user @user @user soutenir la fachosphere qui plus est complotiste drôle de conception du libéralisme.,0
211,@user @user j'aime pas les rebeus,0
796,soutenons les patriotes allemands qui comme nous luttent contre l'islamisation de nos pays et la destruction de not… @url,1
779,imaginez seulement si ses enfants préfèrent sortir avec des renois reubeu ou asiat @url,1
413,@user parce que genre la plus part des renois surtout au states été matrixer donc il fallu que black p… @url,1
420,top : @user 'bienvenue à #cergy où des migrants africains complètement nus agressent sauvagement les français… @url,1
492,@user j’vous soutient grv franchement force vous parle des rebeus et arabes mais en soit vous etes les… @url,0
441,@user moi la première fois que je t’ai vu je suis dis : « putain encore un sale arabe »,1
170,rt @user quand voit le carnage de maduro le gauchiste prefere de melenchon ude4c @url,1
661,@user @user @user @user @user gros j'en ai marre que les renois cherche du regard a… @url,0
92,@user quand fait du choc des civilisations la base de la lutte contre le terrorisme revigore l'at… @url,0
265,@user je ne suis pas attardé sur ce point. pour résumer coût de la seule partie ferme du projet = 100m€ s… @url,0
550,enft j’me ss attardé sur aucun son que gangster le reste j’ai écouté une fois,0
1007,@user @user @user toujours les mêmes poncifs 1) la non violence est une position moral… @url,0
705,est ce que les turcs ils sont considérés comme des rebeus ?,1
1119,@user ptydttyddtrrtdd un ouf toi tu mprends pour un sale arabe,1
298,cyber-harcèlement: un jeune homme de 25 ans reconnu coupable de viol à distance @url via @user,0
968,@user @user justement: lorsqu'on parle de femmes victimes de violence de la part des hommes gominés o… @url,1
117,@user @user un lion ne mange pas que de la viande meme si c...est l...essentiel pour lui. donc cal... @url,0
684,@user contre l’avortement c’est pire que contre la transexualité je trouve,1
401,lutter contre les violences faites aux femmes en en facilitant l’essor ...… @url,0
1053,@user la propagande gauchiste americaine n'a aucune limite comme en france.n#bfmtv,0
909,cette violence est incroyable là? @url,0
852,pour en finir avec la théorie du complot anti-voitures @user @user @url,0
690,quand voit le carnage de maduro le gauchiste prefere de melenchon ude4c @url,0
1168,@user trop negro nous aussi n'est content de retrouver. merci le parolier,0
427,@user c clair. ils veulent être rebeus ou renois pour réussir à pécho des meufs mais pour le reste ils s… @url,1
255,question est simple que se passe t'il dans la tête de certains renois je regarde je comprends pas wesh j'exige d… @url,0
861,petit moment romantique sur une balançoire au bord de la mer @url,0
264,allemagne : les clans arabes font la loi....,1
665,voilà qui démontre bien l'hypocrisie de la gauche... pas plus haineux et violent qu'un gauchiste extrémiste! @url,0
1165,@user @user comment vous pouvez oser écrire ces choses la ? donc en gros les arabes en demandent tr… @url,0
955,@user voilà ce qui arrive quand tu la propagande gauchiste tiermondiste et misérabiliste de ton côté tu… @url,0
241,@user @user @user @user @user @user c’est ouf comment les rebeus de qua… @url,0
1025,@user @user @user les violenté.e.s aimeraient donc la violence ?,0
1204,@user mais meme rebeus oran je chiale meuf,0
103,rt @user @user @user zohra madame est une islamo gauchiste ils ne rigolent que des blancs asservis et des dhimmis,0
641,elle est conne grosse débile grosse conne conne conne débile attardé putain @url,1
320,@user de la thune pour les migrants...y de la thune... français d’abord ! pour nos aînés priorité nationale !,0
604,c'est bon j'ai serrer les renois comme sa vous m'avez saouler,0
880,c’était une sale arabe @url,0
1054,y’a vieux un mec à la gare qui m’a insulter de « sale arabe » sauf que je ne suis pas arabe du tout,0
769,@user les arabes reprochent mr messiha d'être un peu trop occidental dans son pays o_o si ça c'est pas du… @url,0
242,genre jai envoye seance dmuscu sur snap un gar dit ta mere sale arabe avc ton vieux chanteur en parlant de ch… @url,1
960,@user pas de soucis. j’en profiterai pour te badigeonner de bacon sale arabe albinos,1
830,le mec il est noir mais il dit quand même blackos allez mdr.,0
1001,@user @user il des millions de morts de la famine chaque annee mais tu veux laisser pourri... @url,0
544,@user vue comment il parle mal c'est sur,0
283,vasy leno c’est un attardé,1
114,@user @user @user ben exactement,0
235,l'idée qu'il existe 1 lobby juif un classique de l'extrême droite est désormais déclinée sous l'avatar du lobb… @url,0
803,« pour réduire les coûts d'une immigration exagérée pour expulser plus rapidement les délinquants et les faux dema… @url,1
781,bon apres jsuis content que jai fais ca mtn jle referai plus mais ptdrrrr jsuis quel genre de mongol,0
545,@user ouais mais c vrai gros tu peux pas nier que bcp de renois le fous t’facon m’en branle chacun fait ce qu’il veux,1
464,avec tout ce qui s'est passé trump continue d'alimenter une théorie du complot antisémite... un pays en perdition.… @url,1
836,ptdrr mais vous êtes attardé c’est pas possible autrement hein @url,0
202,@user assia vallah j’ai plus rien à perdre je fait déjà terminer depuis mon tweet sur les rebeus,0
