,text,label
306,Es gibt keine #rapefugees,0
319,#rapefugees raus aus Preußen!,1
104,"In Zeiten, in der #Rotherham möglich ist, muss jeder einsehen, dass die #Islamisierung bereits stattgefunden hat!",0
278,Nicht alle #Sachsen wollen keine #Asylanten. #Tillich + #Gabriel hetzt über eigene Landsleute. Politikdarsteller sind beschämend,0
258,"Wir bekommen #Asylanten aufgedrückt, wir bekommen #TTIP vorgesetzt, müssen übelste moderne Propaganda in den Medien ertragen. Wie weit noch?",0
44,"Das #Griechenland,das jetzt alle Beschlüsse zu #Asylanten blockieren will is aber nicht das Land,das quartalsweise Milliarden schnorrt,oder?",0
20,"Luxushotels werden in #Asylanten Unterkünfte  umfunktioniert , #Deutsche müssen in primitiven heruntergekommenen  Slums leben.#annewill #ARD",0
46,"Perlen aus der Redaktionskonferenz - heute Idee für Buchtitel: """"Das Wunder von #Dresden - #Islamisierung ohne Muslime"""" #NoPegida #NoLegida",0
312,"#Flüchtlinge & ´#Asylanten  sind perverse #Kinderschänder die jeden Tag in #Deutschland, skrupelos #Frauen & #Kinder vergewaltigen.",1
291,"würden deutsche Soldaten nicht decken an #asylanten verteilen, könnten sie helfen die EU aussengrenze zu bewachen! #merkel rafft das nicht",0
339,"Bin gester 2 #Asylanten begegnet beide voll bis oben hin,kamen aus #Afghanistan saufen scheinbar täglich gegen die Langeweile #Fluechtlinge",0
147,"#schweinefleisch für alle #Flüchtlinge und #Asylanten. Wer saufen kann und Kinder vergewaltigen, braucht keine extra """"Wurst"""" ..Fuck Refugges",1
260,"Schleichende #islamisierung """"aus Rücksicht""""kein Schweinefl. Was als nächstes? Frauen, Ungläubige verbannen?#Schweinefleischpflicht sinnvoll",1
203,Eine europäische Lösung wird es NICHT geben. Merkel greift nach einem Strohhalm den es nicht gibt.. #Orban #merkel #cdu #rapefugees #cdu,0
347,"Schuldige an dem „Flüchtlingsdrama“ konnte endlich identifiziert werden, die Russen sind Schuld, sagt Merkel! #Asylanten #Merkel #BRD",0
284,"Ich werde #Gutmensch!Seid ihr geschockt?Ich stehe am Flughafen und winke den abreisenden abgelehnt. #Asylanten,und wünsche einen guten Flug.",0
144,"Unsere Regierung hat den Rotkäppchenkomplex,fütter lieber den Wolf(kriminelle #Asylanten),als die Großmutter(das eigene #Volk) #Merkel #CDU",0
15,Nach den Wahlen werden wir #Griechenland riesige #Asylanten-Kontingente abnehmen. Wetten?#AnneWill,0
311,#asylanten Wirtschaftsverbände stehen hinter Merkel-klar-pro Jahr+1 Mio Konsumenten.Arbeit billig.Die Kasse klingelt. Bezahlung garantiert,0
129,"Was wurde eigentlich aus der Geschichte mit den """"syrischen Ärzten""""? Die #Rapefugees sind ja wohl wahrlich keine Gynäkologen.",1
352,"Die #Industrie hofft ja immer noch auf den #Facharbeiter unter den #Refugees. Ja, die Hoffnung stirbt zuletzt. #refugeesNOTwelcome",0
119,#spd fordert auch Unterstützung für arme Deutsche und nicht nur für #asylanten. Abgelehnt! das ist die #cdu von heute.,0
22,Ausnahmen beim #Mindestlohn sind auch überhaupt nicht mit der #Scharia vereinbar wenn #Moslems betroffen sind. #SPD #CDU #Deutschland,0
73,Wenn Ihr #Deutschland so scheiße findet warum wollt Ihr dann möglichst vielen #Asylanten zumuten hier zu leben?,0
290,FR hat Teile des #Invasoren lagers #Calais geräumt / GR wird Invasorenlager #Idomeni räumen. Besser spät als nie. #Rapefugees #Invasion,0
194,#Merkel ist jetzt in der #Türkei. Schnell die Grenzen schließen und die Frau nicht mehr reinlassen! #abmerkeln #refugeesNOTwelcome,0
149,#Islamisierung Wollen wir eigentlich die unübersehbar stattfindende  Islamisierung Deutschlands. Oder hat Pegida nicht doch recht?,0
321,"#hjartaberfair #Österreich will Sozialsysteme mit #Asylanten nicht überlasten. Korrekt, was D nicht begreift und Bürgern schadet",0
205,"Soll der neue Begriff #Asylsuchende jetzt mehr Mitleid hervorrufen als #Asylanten, #Asylbewerber, #Migranten oder #illegaleEinwanderer?",0
320,"von einem Turkmenen sexuell missbraucht, x-mal minderjährige Mädchen von #rapefugees sexuell belästigt. #Kiel 2016! #islam #sophienhof [2/2]",1
59,"Nur, weil's 100mal gesagt wurde, ist es nicht falsch: Ab der Türkei sind Syrer u Iraker keine Flüchtlinge mehr! #refugeesnotwelcome",0
95,In jeder Stadt sind jetzt tausende neue Muslime!Millionen Muslime brauchen Gebetsräume!Bald werden tausende Moscheen gebaut! #Islamisierung!,0
165,#rapefugees laufen sich langsam warm. Kölnerin wird von Flüchtling vergewaltigt. #Obergrenze #armlänge #alaaf #Karneval,1
208,#Frankreich macht ja schon Grenzkontrollen. Haben die wirtschaftliche Einbußen? Nö. #Grenzenzu #FestungEuropa #refugees #refugeesNOTwelcome,0
214,#ZDFzoom #Flüchtlinge #asylanten diese Reportage sollte ein MUSS sein für Interessierte! 1000 Dank an Frau #Knobel-Ulrich u ZDF,0
349,Asylpaket 2..Alles Pseudo Vorschläge um die kommenden Wahlen zu beeinflussen..#Merkel mehr Schein als sein!!! #asylanten,0
4,745 Millionen Menschen leben in #Europa. Ca. 4 Millionen #Flüchtlinge bereiten da Kopfzerbrechen? #Rassisten sprechen von #Islamisierung?!,0
72,"Die #Islamisierung des #Abendlandes ist die schlimmste Krise der Gegenwart, die zu lösen ist, durch Zürückdrängung des #Islam in die Wüste.",1
128,"Dank #merkel: mehr #asylanten, mehr Türken, mehr Ausgaben, Türkei kommt in EU. wir verlieren nur noch mit merkel. #cdu abwahl!",0
231,#cdu kapiert es nicht! Alle in europa ausser cdu von #merkel wollen keine #asylanten. sichert die aussengrenze oder EU und merkel sind tot,1
115,"#amnestyinternational heult 1h wie schrecklich D ist, um dann alle #asylanten der Welt zu uns zu bringen. ist das kein  linksfaschismus?",0
145,Friedlicher #Karneval und nach wie vor keine #Islamisierung. Läuft bei uns mit der #Integration. Da erblassen andere Länder vor Neid.,0
345,EU #Grüne wollen Europa mit #asylanten fluten und steuerzahler ausbluten lassen. Diese Partei gehört verboten!,0
230,#rtl berichtet jetzt über gewalttätige #asylanten #refugees,0
346,"Kein Fußball den Faschisten"""" aber auch keine #Regierung für Idioten.Kritiker einer #islamisierung als Nazis diffamieren,ist Linksfaschismus",0
334,War grade wieder ein hart verdienten Kaffee an ner Tankstelle trinken da kamen gut gebaute #Asylanten rein und kauften Bier und Zigaretten,0
105,#DeutscheBank sagt #Asylanten helfen der Wirtschaft.Die Kompetenz von denen kann man übrigens an ihren Geschäftszahlen ablesen.,0
53,"Ein Soldat, der gegen Flüchtlinge ist und u.a. #rapefugees nutzt, kritisiert meine Tweets zu #InTheBox - Patridiot mit Gewehr. Na toll.",0
177,"#Lanz ich staune auch, mit welcher Leidenschaft  die #Islamisierung in #Deutschland verteidigt wird!!",0
228,Alleinherrscher #Putin wird mit Sanktionen belegt-Diktator #Erdogan werden alle Erpressungswünsche erfüllt! Klasse #Merkel #Asylanten,0
342,"Die 1.000.000 Einheimischen, die in Österreich an der Armutsgrenze leben, dürfen nicht durch die Integration der #Asylanten geopfert werden.",0
191,Respekt! Der Türke zieht in Deutschland eine Moschee nach der nächsten hoch. So gewinnt man! #Islamisierung,0
216,Unterhaltsam die Metamorphose v #Gutmenschen zu #besorgteBürger zu beobachten wenn neben der Schule der Tochter ein #Asylanten-Heim entsteht,0
280,#Flüchtlinge in #Clausnitz filmten mit Handys & provozierten mit Stinkefingern. #clausnitz2002 #Sachsen #Flüchtlingskrise #Asylanten,0
123,"Gegner von #Asylanten mit #Nazis gleichzusetzen, ist einfach falsch! Das verharmlost doch nur das NS-Regime!#clausnitz #Bautzen #Deutschland",0
195,Das nächste mal vertecke ich #rapefugees in ihrer Torte sie dumme Nazi sau #tortalerkrieg,0
248,"Die #afd wird in den nächsten Jahren auf über 25% kommen,warum?Weil eure #Asylanten euch zeigen werden wie freundlich Sie wirklich sind!#afd",0
270,"unter den #Fluchtlinge & #Asylanten gibt es doch angeblich keine Terroristen,sollen doch nur Fachkräfte,Ärzte&Ingenieure sein.",0
148,"#Asylpaket2 endlich beschlossene Sache, wir werden sehen ob damit die #Asylflut eingedämmt wird #Flüchtlinge #Flüchtlingspolitik #Asylanten",0
30,#schweden in bürgerkriegsartigen Zuständen! eine lasche konservative und eine irre sozialistische Regierung fluten das Land mit #asylanten,0
302,Ich zahle in einem christlichen Land jeden Monat ne Menge Kirchensteuer.Wofür?Damit ich immer mehr Muezzin-Rufe höre! #asyl #Islamisierung,0
120,"#Köln   Wieder SEXUELLE ÜBERGRIFFE  in Köln.:  #Asylanten attakieren in Schwimmbad jugendliche Mädchen und bekommen daraufhin """"Hausverbot""""",0
111,nach den Landtagswahlen wird am 14.3. sicher die #benzinabgabe eingeführt! Deutsche zahlen Rekordsteuern für #asylanten in hängematte!,0
12,"Gratis Häuser,Wohnungen,Handys u. Öffitickets #Mindestsicherung, Straffreiheit, Vorreihung in Ambulanzen, Schlaraffenland Ö #ZIB2 #Asylanten",0
318,#AnneWill Die #Merkel schafft sich ab. Sie labert nur Mist! #refugees #refugeesNOTwelcome #refugeesgohome #Merkelmussweg,0
343,#cdu will Mindestlohn für #asylanten aussetzen. dann nehmen asylanten deutschen Arbeit weg weil sie billig sind! #afd wählen. #merkelmussweg,0
185,"#Asylanten: #EU #Gipfel: Ist das eine #Merkel Show, die nun Millarden an d.#Türkei anweisen will u. die Visumpflicht auch gleich abschafft?!",0
268,"#regierung #merkel betreibt eine verlogene Migrationspolitik vs eigene Bevölkerung,die die #islamisierung weiter beschleunigt! #abmerkeln",0
64,#oecd schätzt Wachstum von D in den nächsten Jahren viel schwächer ein als erwartet. wo ist der Boom durch #asylanten außer bei schulden?,0
32,Wenn ich mir den Mond gerade so anschaue: Die #Islamisierung des Abendlandes ist doch schon längst durch!,0
141,Das deutsche #Nazi Pack muss sich irgendwann entscheiden. #KlappeHalten oder mal ernsthaften #Widerstand leisten.#WirSchaffenDas #rapefugees,0
315,Bei jedem Auftritt eines #Asylanten oder Migranten kommt diese gespielte Hysterie der Sozis. Die realisieren so langsam ihren Machtverlust.,0
67,Ca. 70.000 Syrer fliehen vor Kämpfen. Warum KÄMPFT ihr nicht endlich für Euer Land? #refugeesNOTwelcome #fluechtlinge,0
158,#scharia in # Deutschland?  Werden die Kölner Kulturtänzer demnächst handlos? Dann berufsunfähige Frührentner? Fragen über Fragen,0
131,Pseudo #Sturmwarnung in #NRW zum Schutz deutscher Frauen vor  #rapefugees um #Jäger  den Arsch zu retten?  #Düsseldorf  #Karneval,0
62,"Ob #Asylanten wohl mitbekommen,  daß #linke, #gutmenschen, #antifa, die Deutsche  Nation, zerstören wollen? ?",0
28,#besorgteGutmenschen regen sich auf :  #Khaled - von #Asylanten getötet. #LaGeSo-Toter - #Moabithilft Ente #Handgranate - warfen #Migranten,1
130,Der deutsche wurde 70 Jahre lang dazu erzogen den Mund zu halten! Schluss damit!#refugeesnotwelcome #Wir sind das Volk #AfD #merkelmussweg,0
65,"Mecklenburg-Vorpommern  21.01.2016  SPD 28 % AfD 5 %,  16.02.2016 SPD 22 % AfD 16 %  #Bereicherung #Flüchtlinge #SPD #Islamisierung",0
135,"Warum spenden #Grüne, #cdu und #spd nicht ihr Einkommen für #asylanten? weil sich das Geld anderer Menschen leichter ausgeben läßt!",0
273,Ich will diese muslimische #Invasion hier nicht! Ich will keine #Asylschmarotzer #Krimigranten und #Rapefugees! Ich will nicht!!,1
210,Mit #Scharia können #Merkel und #Siggi erst recht durchregieren . #Groko,0
36,"Keine Schnittmenge zwischen #NPD und #AfD? Funny … #Euro? #Asylanten? #Islam? #Familie? Es gibt die Schnittmenge, die #AfD gibt sie nicht zu",0
48,"Ich habe bis heute nicht verstanden, was an Dunkelhäutigen in schwarzen Burkas mit dunkler “Kultur“ BUNT sein soll... #Islamisierung",1
181,"Alle #Fluechtlinge nach #GG illegal!Nach Art. 16a nur #Asylanten #EU + sichere Drittstaaten. #NaherOsten, #Afrika = nicht",0
167,Stellt Lügenpresse eigentl schon Überlegungen in München an zur Nacktbadesaison an der Isar und Flüchtlinge Primaten? HAHAHAHA #rapefugees,1
285,#hoaxmap sollte lieber den #Opfern und #Frauen von #Vergewaltigungen durch #Flüchtlingen und #Asylanten helfen. Opferschutz ;),0
151,#annewill #Islamisierung ist gar nicht so schlimm. Habe gerade #Unterwerfung gelesen ;-),0
94,"Meinen manche Kandidaten eigentlich, mit Hashtags wie #Rapefugees oder #Krimigranten würden sie sich glaubwürdiger und/oder seriöser machen?",0
112,#Griechenland will Milliarden für #asylanten um griechische Rentner zu bezahlen! die griechische marine soll Migranten in die türkei bringen,0
70,Frankreich sagt sie werden nur 30T #asylanten aufnehmen..und wir haben seit Jahresbeginn schon 100T aufgenommen. #Merkel verpiss dich!!,0
249,EU stellt 16 300Mio für #Invasoren bereit! Wer wird das wohl bezahlen? #Refugeesnotwelcome #Fluechtlinge #Pegida #AfD #CDU #Merkelmussweg,0
308,"Wir müssen die Fluchtursachen bekämpfen"""" RICHTIG!  Dampft endlich die opulenten Leistungen für nicht anerkannte #Asylanten ein!",0
363,Die Regierung hat nichts im Griff. Das gibt hoffentlich ein Denkzettel bei den nächsten Wahlen! #refugees #refugeesNOTwelcome #abmerkeln,0
206,"im Mittelmeer die Flüchtlingsboote an den Haken und wieder zurückschleppen, zerstören und gut ist. Dann kommt da keiner mehr #Asylanten",0
327,"Bestätigte Sexualdelikte von #rapefugees sind viel zu brisant siehe Vergewaltigungsrate Schweden,deswegen lieber #hoax für Honks! #abmerkeln",1
71,Warum spendet #hoaxmap die #Werbeeinnahmen nicht den #Opferfamilien die durch #Vergewaltigung von #Flüchtlinge und #Asylanten passiert sind,0
355,"Die Geschichte wird Merkel recht geben"""" - falsch - Die Geschichte wird über Merkel richten! #abferkeln #refugeesnotwelcome",0
179,"die laufende #islamisierung deutschlands und europas macht deutlich, wie viel wir an deutschland und europa wirklich hatten.",0
143,"#sterntv zeigt die Realität der Rente. Manche #Asylanten lehnen Arbeit ab, weil sie keine 4000€ netto verdienen wie versprochen.",0
34,"#Asylanten Man kann NICHT einf 2 VERSCHIEDENE Menschen bzw Völker/Kulturen""""zusammenleg"""" + sagen nun seit ma glückl miteinander+versteht euch",0
333,"liebe Frau #Merkel, die Aufforderung #Asylanten unbegrenzt aufnehmen zu wollen wird sich im laufe der Zeit rächen......nee nicht mit mir",0
183,#Merkel und co erwarten 500000 #Flüchtlinge in 2016! 2015 am Anfang waren es 250000! Die #V4 werden IHR Druck machen.  #Islamisierung NEIN,0
331,"Wer mit dem Begriff #rapefugees Hetze gleichsetzt,will einfach nur Realität verdrängen oder bewusst totschweigen! #SolidaritätmitKolja",1
163,"Flüchten, wo andere Urlaub machen. #Idomeni #refugeesnotwelcome",0
238,#cdu hat die deutschen schon aufgegeben. jetzt geht es darum den #asylanten möglichst schnell das Wahlrecht zu übertragen. genug #refugees,0
359,schweizer firmenchefin verlangt das man #asylanten einstellt.   klar auf 1 schweizer mit 4000 CHF lohn kann man 4 asylanten für 1k anstellen,0
341,In Deutschland kostet die Betreuung eines unbegleiteten minderjährigen #Asylanten je nach Bundesland zwischen 40- 60.000€ im Jahr #ltwbw16,0
55,"#maischberger Laschet:Pegida gibts im Westen nicht.Leute trauen sich nicht mitzulaufen wegen Ächtung,aber #islamisierung ist umso realer dor",0
272,JA zu asylobergrenze ! #Asylpolitik #Asylanten,0
66,"In Deutschlandradio Kultur erfahren wir gerade, dass der Islam gg dem Christentum die frauenfreundlichere Relion ist. #Islamisierung #PEGIDA",0
241,"geplatzte #Träume sind immer noch besser, als ein geplatztes #Kondom. #Asylanten",0
86,"#Asyl-Befürworter, die nie einen #Asylanten bei sich zuhause aufgenommen habenkann ich nicht ernst nehmen.",0
314,"dt. Umfrage machen und fragen,was #Pegida heißt.Wie wissen, was es und gegen #Islamisierung heißt? Deutsche aufwachen!",0
351,Es gibt keine Alternative zur #AfD. Die #AfD ist die einzige Alternative! #Fluechtlinge #koelnhbf #Islamisierung,0
307,#fakt #ard. 90 jähriger wird Taxifahrt verweigert. #asylanten werden egal wie weit kutschiert! ich hasse #merkel mittlerweile!,0
102,"Sie traut sich nicht zu sagen was wirklich läuft, da muss man nur mal Samstag früh im Pott zur Arbeit fahren #Asylanten #Domian",0
9,Im Februar 2016 kamen nach neusten Angaben in der #ARD Tagesschau trotz Grenzkontrollen auf Balkanroute 39000 #Asylanten nach #Deutschland,0
350,#SternTV 24.02.16 soeben sofort weggezappt! Lügensendung hoch 10! #Sachsen wissen was sie tun! #refugeesnotwelcome,0
193,#Silvesternacht in #NRW. Erste Verurteilung! 6 Monate auf Bewährung für bereits vorbestraften #Asylanten. Wenn das kein gutes Zeichen ist.,0
29,"das was im SWR Radio momentan an Werbung pro #Asylanten gemacht wird, ist so penetrant wie Phase der Weihnachtssongs & Fastnachts-Seeligkeit",0
47,"#merkel rechnet mit 3,6 Mio neuen #asylanten in D bis 2020! zum vergleich: Schätzung 2015 war 500.000, gekommen sind >1,1 Mio. dank #cdu",0
252,"Nein zu #Multikulti, nein zur #Islamisierung, nein zu #Merkel #Vertrauensfrage",0
140,1000 Straftaten gegen #Asylanten 2015 in Deutschland.1000 Straftaten von #Asylanten in einer Nacht in #Koeln.,0
332,"#Clausnitz erinnert immer mehr an #Handgranate u #Lageso-Toten.#Asylanten provozieren,niemand kommt zu Schaden, #besorgteGutmenschen heulen",0
295,"Familie, Freunde & Bekannte dazu bewegen bei den kommenden Wahlen National zu wählen! #Merkelmussweg #Parteienblockmussweg#Islamisierung",0
300,"#rapefugees #refugeeswelcome Bürger bewaffnet euch, die Fachkräfte tun das auch. Und die zögern nicht, diese einzusetzen. Better he than me",1
242,Wieso nehmen nicht #Bergdörfer die #Asylanten und #Flüchtlinge  auf ? so wären die Schulen im #Dorf gesichert. #Bundesasylzentrum #Wallis,0
68,Jetzt warte ich auf den #Brennpunkt der #ARD +ein #ZDFspezial zum Thema #Handgranate  mit #Maas  + #Kretschmann #Asylanten,0
357,#Sexuallkunde für #Flüchtlinge und #Migranten ... #Mama #Merkel bringt #Asylanten das ficken bei ... #Vergewaltigungen funktionieren bereits,1
239,"Die #Asylanten werden sich in #Deutschland festsetzen,und höchstens zu Besuch zu #Verwandten fahren.Ich fordere eine #RückkehrPflicht. #afd",0
164,"Schade, dass heute nicht Wahl ist, sonst würde ich nämluch direkt die AfD wählen. #RefugeesNotWelcome #Widerstand",0
136,"Ich ziehe #Revolution dem #Krieg vor, zumindest nehmen an der Revolution nur die teil, die wollen. (Marcel Proust) #wehrdich #ia #stehauf",0
218,#rapefugees in der Siedlung? #hartzundherzlich,1
323,"Wer Millionen #asylanten will,wählt links. wer nicht #afd. und #cdu? hm,kann man Millionen #asylanten gleichzeitig wollen und nicht wollen?",0
358,"Zwei Dutzend Männer"""" eine übliche Anzahl für muslimische rape gangs über ungläubige Schlampen herzufallen.#rapejihad #rotherham #rapefugees",1
256,Wie viele #Gebetsräume für #Christen wurden von #Islam-#Fanatiker bis jetzt in #Deutschland zerstört? #Trümmerfrau #Asylanten #Bürgerwehr,0
168,Frauen die sich nicht freiwillig von Flüchtlingen ficken lassen sind sind ein Verstoß gegen die Menschenwürde. #Hungerstreik #Rapefugees,1
215,Man wünscht sich eine schlagkräftige Bürgerwehr für #Sophienhof. Politik versagt auf ganzer Linie. #rapefugees #abmerkeln,0
116,Im #Freilichtmuseum #Hessenpark mit #Asylanten NEIN DANKE #Armlaenge,0
162,#rapefugees wieder in Köln aktiv. Übergriffe im Schwimmbad in Zündorf. Der Sommer kann kommen #koelnhbf #nolegida,0
101,"Mir hat vorhin jemand erzählt, dass die #Handgranate evtl. von den #Asylanten selber kam ? Weiß da jemand was ?",0
108,"#hartaberfair Schwahn:.Das Problem ist aber nicht nur das fehlende Geld,sondern die Angst vor einer #islamisierung in allen Ländern der EU.",0
89,"Ja die Realität ist wirklich unbequem, man sollte sie ignorieren.  #Islam #Scharia #Salafismus #Multikulti",0
114,"#Merkel will, dass die von ihr hergeholten Kulturbereicherer CDU wählen. Aber was, wenn die ihre eigene #Scharia-Partei gründen? #abmerkeln",0
255,Die Geschichte wird das Merkel-Regime als genauso zerstörerisch für Europa bewerten wie das NS-Regime #abmerkeln #islamisierung,0
236,make rape legal soll uns wohl schon athmosphärisch vorbereiten auf Vergewaltigungswelle musl. #rapefugees.In gesamter EU tgl. zu notieren!,1
186,"Deutschland den Deutschen.  """"#Flüchtlinge"""" #Illegale #Überfremdung #Islamisierung #Antigermanismus #Widerstand #abmerkeln #REMIGRATION!",0
271,Wir brauchen dringend Wahlbeobachter!    #ltwrlp #ltwrp #ltwbw #merkel #afd #cdu #csu #spd #malu2016 #laschet #rapefugees #krimigranten,0
90,"Wenn nicht aus Überzeugung,dann aus Notwehr: AFD wählen bei Landtagswahlen, D sonst kaputt #abmaasen #regsprecher #krimigranten #rapefugees",0
124,Räumung in Calais! Super! #refugeesnotwelcome,0
251,"Übrigens, so wie ich die Dinge sehe, ist die Einführung der #Scharia in #Deutschland eigentlich nur noch eine Frage der Zeit ...#Flüchtlinge",0
354,"Altparteien kommt Sturm an #Rosenmontag wie gerufen. Lässt sich gut als Vorwand verkaufen, da es sonst weitere  #Rapefugees Fälle gäbe. #AfD",0
69,"Liebe Gutmenschen,eure Einzelfall Asylanten werden immer mehr.#kiel #sophienhof  Da sieht man was schlummert in den armen #Asylanten.#afd",0
317,"Die Nato, das Militärbündnis, prüft einen Einsatz gegen SCHLEPPER. #Flüchtlinge #Rapefugees #Einzelfall #Krimigranten #whitegenocide",0
118,#Cameron #bringt #viel mit nach #Großbritannien und #Merkel? Nichts #außer #Asylanten #Chaos #Regierung,0
26,"Was nützt mir der Erde Geld? Kein kranker Mensch genießt die Welt!"""" - Goethe #Deutschland #HartzIV #merkel #fluechtlinge #asylanten",0
52,"Wieso haben diese Gutmenschen, Vegetarier, Veganer und Tierschützer eigentlich nichts gegen """"Halal""""-Schlachtung?  #asylanten #flüchtlinge",0
299,"Schande für Deutschland, dass es das Hashtag #Rapefugees gibt während es auch noch Make Rape Legal gibt! #AllHumansMatter! #AllBeingsMatter!",0
161,"Wird #sophienhof wieder zensiert aus den twitter trends? Bloß wieder nicht ansprechen,was für ein scheiß Problem auf uns zukommt #rapefugees",0
125,#Leyen erklärt:#Deutschland wird #Fluechtlinge / #Asylanten zu Soldaten ausbilden um die Situation in #Syrien nach dem #Krieg zu sichern,0
344,#Merkel hat keinen Plan B sagt sie bei #annewill. Vielleicht wäre Plan B endlich mal Realpolitik in Fragen #Asylanten #Flüchtlinge zu machen,0
229,#Flüchtlinge und #Asylanten bzw. #Migranten sind #perverse kleine #Kinderficker.,1
83,Deutsche Frauen an #rapefugees opfern. #wasistlinks,1
85,"was tun gegen #clausnitz? keine neuen #asylanten, Kampf gegen asylmafia, #merkel vor Gericht stellen,  #cdu abwählen überall!",0
142,"Ich dachte, dass #Asylbewerber in Deutschland alle #Kriegsflüchtlinge sind. Jeden Tag stehen #Algerier, Marokkaner und Afghanen.. #Asylanten",0
33,#fakt auf #ard: #asylanten fahren mit Taxi herum auf Steuerzahlerkosten. mehrere 100€. #merkel macht es möglich! unglaublich!,0
88,"Gegen #Multikulti hab ich eigentlich nichts, gegen #Islamisierung schon.",0
35,#idomeni #Asylanten #Fluechtlinge  Schöne Vorstellung für die Kameras. Blanke Gewalt. Merkel drückt daheim Krokodilstränen ins Kissen. ??,0
133,Betreuung für alle - Der Rechtsanspruch auf einen #Kitaplatz gilt auch für #Flüchtlingskinder #Fluechtlingskrise #asylanten #fluechtlinge,0
286,"Frauen u Christen bekommen Extraunterkünfte, um sie vor den #Asylanten zu schützen.U wer schützt die Deutschen wenn die rausgekommen?",1
283,#Mindestlohn soll wegen #Asylanten teilweise ausgesetzt werden.  #Flüchtlinge,0
287,"wie kann Menschen nur so doll hassen, dass man sie sterben sehen möchte? #asylanten #AfD #noafd #nonazis #sachsenanhalt #menschistmensch",0
190,wir wissen daß über 50% der #asylanten ewige langzeitarbeitslose sind. warum sitzen diese nicht bei #illner & #will? das wäre repräsentativ!,0
325,"Ab jetzt heißt es nicht mehr Leben, sondern Überleben!#Köln #Kiel #rapefugees",0
240,"Man isst zu Abend= #eu Gipfel - Hast Du heute schon gnachtmahlt, #Angela ? #europa  #Flüchtlinge #fleuchtlingskrise #Asylanten",0
103,#merkel will 100.000e #asylanten nach spanien abschieben wo überall gespart wird & > 20% arbeitslos sind.das ist ihre Solidarität!heuchlerin,0
212,"#illner: #cdu lebt im falschen Land scheint mir... 12,5 mio deutsche sind arm (2016). geld für #asylanten gibt's dicke.",0
157,"#merkel läßt deutschen steuerzahler bluten für Syrien, algerien, marokko, tunesien, etc. und bietet Mio #asylanten all incl. Grandios dumm",0
353,#annewill Ja Kriminalität von #rapefugees wird natürlich mit einem Satz behandelt. Thema erledigt.Kriminalität ist ja auch nur explodiert!,0
182,"lieber #Horst #Seehofer, gibt es #Asylanten, die besser im #Tierasyl aufgehoben wären ? #sz #faz #zeit #nzz",1
38,Wer hat uns verraten? Die Sozialdemokraten!   Werner Faymann ist derzeit eine Paradebeispiel dafür. #Kontingent #refugeesnotwelcome #traurig,0
31,"Erschreckend, daß es #Frauen sind, die 30 Jahre #Emanzipation zugunsten islamistischer #Vergewaltiger in die Tonne treten! #rapefugees #AfD",1
74,"Geflüchtete aus den Ländern mit der totalitären Ideologie des #islam ,um hier #islamisierung der Gesellschaft anzuheizen #taqqiya #abmerkeln",0
201,Die Regierung alimentiert Menschen aus aller Welt & fördert #Islamisierung unsrer Heimat...mit unsren Steuern! #Volksverräter abwählen! #AfD,1
176,"Die Frage ist, warum sehen die Menschen in D die Millionen muslimischen #Migranten NICHT als Gefahr im Sinne einer #Islamisierung an.",0
174,Wo ist der #aufschrei #ausgruenden #Belästigung von #Flüchtlingsfrauen in #Flüchtlingsheimen?  Könnt wohl nur #koelnhbf u #Rapefugees?  :'-(,1
234,Sollen dt. Städte in die Topliste der gefährlichsten der Welt aufsteigen? Dann wählen Sie weiter die #Altparteien! #Rapefugees & IS danken,0
340,Und ich garantiere man kann auf Dauer keine #Wohnortpflicht für #Asylanten in Deutschland vorschreiben.Völliger Unsinn und nur Kosmetik.#afd,0
337,EU-Kommission wertet die #Asylanten-#Obergrenzen Österreichs als illegal. #SPÖ-#ÖVP-Bundesregierung ignoriert EU-Recht.  #Amtsmißbrauch?,0
137,"#srfarena #SVP Logik: #Minarette in der #Schweiz sind gefährlich, #Waffen für den #Scharia-Staat #Saudi-Arabien unbedenklich.",0
77,Deutschland hat seine Staatlichkeit aufgegeben! Das GG ist aus den Fugen gehoben! Es herrscht der Irrsinn #islamisierung #CDU #hartaberfair,0
45,#maischberger Liefers: Wir achten Frauen.... Für viele von den #rapefugees ist das wie ein Paradies hier.Lasche Strafen bei Vergewaltigungen,1
305,#Kretschmann #Gruene #Maas #SPD  Pistorius #SPD Die eigenen Landsleute vorverurteilen +beschuldigen+jetzt schweigen #Handgranate #Asylanten,0
92,"Was die allermeisten immer noch nicht begriffen haben: Der #Islam hat seine eigenen #Menschenrechte, #scharia-basiert. Ihr Deppen!",1
75,Deutschland will den Europäern eine #Islamisierung und #Zwangsmigration  aufzwingen.Das geht nicht!#AFD #hartaberfair,0
169,"Viele Menschen in #Europa fürchten eine #Islamisierung, berichtet #hartaberfair. #Migranten",0
277,"Die """"gute"""" Fratze des Kapitalismus, jetzt bei #maischberger hat 600m² großes Mausoleum für sich gebaut. Warum nicht an #rapefugees schenken?",0
257,#heute-journal: UN ehrt #merkel für #asylpolitik. 1 Beitrag später: Suche nach kriminellen #asylanten. 107 Männer werden gesucht. Danke #cdu,0
361,"Also ich finde, Europa ist sich einig wie noch nie:  #refugeesnotwelcome, eine tanzt dabei aus der Reihe und merkelt sich gerade ab.",0
223,#Asylanten sollen #arbeiten können.Die #Wirtschaft gibt #Knowhow und der #Staat bezahlt. Muss er sowieso....,0
57,DANKE #Clausnitz FÜR EUREN #WIDERSTAND ! IHR SEID HELDEN! #SOS #rapefugees #koelnhbf #cologne #Islamisierung AUS WESTDEUTSCHLAND: DANKE!!!,1
207,"Zäune sind unausweichlich,um #islamisierung mit anschl. #Jihadh wie bereits in Nigeria,Indien,Thailand,Israel,Frankr,Belgien,UK...zu stoppen",0
243,"Wähler und Nichtwähler: Wir müssen uns wehren- wählt AFD,nicht aus Überzeugung, aber ausNotwehr  #rapefugees #madmerkel #annewill #lanz",0
298,"Islam Bank,Islam Partei.Ausbau islamischer Infrastruktur und unsere Politik Idioten reden immer noch von """"angeblicher"""" #Islamisierung",1
40,Man stelle sich vor es käme zum Frieden und alle #Asylanten mit syrischen Pässen würden dorthin ausgeflogen.,0
132,#morgenmagazin läßt #asylanten auf berlinale israelfeindlichen Film anschauen und die finden das toll! einer davon lernt schreiben mit 30.,0
42,"#maischberger Fratscher:Geld für Migranten als Investition.Bis dahin weiterhin #rapefugees , #Islamisierung und #IS Terroristen. #abmerkeln",1
172,"Wer die #Islamisierung bestreitet, dem sei ein Trip in arabisch dominierte Viertel in London empfohlen. #hartaberfair",0
262,"Frau #merkelmussweg Deutschland in der EU immer mehr isoliert,dank ihrer #Asylanten Politik,was machen sie,wenn der nächste Gipfel erfolglos",0
296,"In #Tunesien warten hundertTausende #Asylanten zum übersetzen nach Italien,um von Sizilien nach #Mitteleuropa weiterzureisen.",0
152,als asylant verkleidet an die fasnacht frauen begrabschen gehen. gesellschaftssatire pur! #fasnacht2016 #satire #asylanten,0
335,****W I D E R S T A N D  G E G E N   I S L A M I S I E R U N G**** #Bautzen #Clausnitz #rapefugees #cologne #koelnhbf #Germany #NOISLAM #SOS,0
297,Ich habe die Schnauze so voll von diesem #asylanten geschwafel. #gutmenschen #fresse,0
63,"Angst vor #Islamisierung? Die deutsche + europäische Geschichte, Tradition, Bräuche, Sprache leben, lehren und vermitteln! #hartaberfair",0
109,"liebe #Gemeinden in #Bayern, wir legen #Asylanten #Obergrenzen fest und setzen sie #notfalls vor #Gericht durch ! #sz #faz #zeit #nzz",0
178,"Langsam nähern sich auch die #CDU/#SPD-nahen Wirtschaftsinstitute seriösen Prognosen an, wonach die #asylanten 50 Mrd. € pro Jahr kosten.",0
58,Wie bei #hartaberfair gesagt brechen 66% der #Asylanten die Ausbildung ab.#afd,0
80,"Ungarn will Volksabstimmung durchführen, so macht man das! #refugeesnotwelcome",0
41,"#JuliaKloeckner. wir von der #cdu schaffen es, weitere Millionen #asylanten nach D zu locken und die dumme Bevölkerung zu melken. wetten?",0
282,Täglich gibt es in #Deutschland #vergewaltigungen an Kindern von dreckigen #Flüchtlingen und #Asylanten. Eine Schande FUCK YOU #refugges,1
122,"Religion ist doof, aber wir haben Doofheitsfreiheit, wo ist das Problem mit der #Islamisierung #KatholischeMissionare #gnargh",0
1,Wieso bekommen #rapefugees mehr als unsere Hartz 4 Enpfänger?  #esreicht,0
217,Rettet die deutsche Frau vor dem Multikuliti Wahn #rapefugees,1
127,"Bei allem,was """"Rechte"""" ausfressen ist die #AfD schuldSind #Groko u #Grüne dann net auch für die Verbrechen ihrer #Asylanten verantwortlich?",0
166,#annewill  Warum gibt es in Europa nicht einheitliche Standarts so das alle #Asylanten überall selbe Leistung bekommen? Zu einfach???,0
303,"Raum der Stille"""" an der TU Dortmund zeigt im Kleinen auf, wie es in absehbarer Zukunft ganz Deutschland ergehen wird. #islamisierung",0
180,"Wenn Leute, die Deutschland hassen immer mehr #Flüchtlinge dorthin holen wollen - sind das dann nicht #Asylanten-Hasser?",0
97,"Heimleiter von  #asylanten heim in Clausnitz entlassen, weil AFD Mitglied..soviel zu Demokratie Diskriminierung von höchster Stelle!!",0
50,Die Gedanken sind frei -NICHT mehr in #Europa #Deutschland #Sophienhof #Koelnbhf #Merkelmussweg #Islamisierung #Flüchtlingskrise,0
16,In diesem Moment wird die Ernst-Grube-Halle endlich geräumt #leipzig #npd #jn #Legida #RefugeesNotWelcome,0
261,"Hört auf damit widerliche Kommentare über #Flüchtlinge und #Asylanten zu machen, es reicht!",0
197,Sich schützend vor deutsche Frauen stellen bei Belästigung durch #rapefugees. #wasistrechts,0
209,"Jetzt schwenkt der falsche Fünfziger Gabriel in die Richtung derer,die er damals als Pack bezeichnet hat! #Merkel  #Asylanten #maybritillner",0
153,"Wie jetzt,gemäßigte Opposition in #Syrien besteht auch aus #Fudamentalisten, die einen #Gottesstaat und die #Scharia wollen? #PestCholera",0
348,#Flüchtlinge #Asylanten #Stop #Köln #Vergewaltigungen #Aufschrei #Kriminalität #CDU #SPD #Merkel weg #Wahl #AfD #Grenzen zu #Lügenpresse,0
275,Aber eine #Islamisierung findet nicht statt. #LT,0
313,Visafreiheit mit #türkei bringt uns hunderttausende neue #asylanten.#erdogan zerbombt Kurdengebiete damit sie nach D fliehen.#merkel versagt,0
232,Der blanke politische Schwachsinn:  #Sturmwarnung | #Rosenmontag  #rapefugees | #Kriminalität | #AfD  Kapitulation im vollen Gange #CDU,0
184,Besser als Schreckschusswaffe gegen #rapefugees: Wasserspritzpistole gefüllt mit Schweineblut ^^,1
246,"Wer für #Täterschutz,#Islamisierung und Abschaffung #Deutschland(s) ist,wählt weiter #Grüne,#Linke,#SPD,#CDU. Wer das nicht will,wählt #AfD.",0
3,"#Asylanteninvasion Wenn es auf unseren Straßen zu Gewaltausbrüchen kommt - Die Verantwortlichen hierfür, sitzen in der Regierung / Merkel!",0
156,#Asylantenheime #anzünden=#verbrecherisch -aber einziges Augenmerk auf #deutsche #Straftäter +nicht auch #Krimigranten #rapefugees =#nogo,0
24,Spahn von #cdu will Wegfall von Mindestlohn für #asylanten. klare schlechterstellunf von Einheimischen! Abwählen!,0
91,"Bezeichnend:Musl.Verbände schließen sich der """"Allianz für Weltoffenheit"""" an.Hinterher,aber nur weil es ihnen hilft #islamisierung #abmerkeln",0
196,Nordafrikanische Single Männer not Welcome #rapefugees,0
276,#Rosenmontag in Mainz und Nordafrikadüsseldorf abgesagt. Hat aber nichts mit #rapefugees zu tun.,1
14,"laut #orban wird #merkel Europa mit neuen 500.000 #asylanten fluten zusätzlich zu den millionen, die sowieso kommen. Ende Gelände D",0
150,#Bereicherung durch #Asylanten? #Sicherheitslage in #Deutschland katastrophal schlecht... #Asylchaos #abmerkeln,0
264,"Bahnstrecke (S2) Erding->München wurde vorhin gesperrt, weil #Asylanten meinten, sie müssen die Gleise entlang nach München laufen.",0
110,Worauf warten #Flüchtlinge und #Asylanten eigendlich? #Griechenland = #Europa = also kein Kriegsland und damit Asyl in Griechenland.,0
309,Woher kommen überhaupt die #Migranten in #Griechenland? Sicherlich sind sie keine #Syrer. Aus #Pakistan? oder #Indien? #Rapefugees #Paki,0
328,"Immer sehr lustig, wenn #Pegida als #Fremdenfeindlich dargestellt wird ! Für alle #Linken Steinewerfer: Pegida ist gegen die #Islamisierung!",0
288,An der Grenze zu #Mazedonien versuchen tausende  #Asylanten mit Gewalt nach #Deutschland durchzubrechen fast nur noch Männer,0
198,"Wer zahlt hier meinen Kindern, den kompletten Unterhalt beim Studium, so wie den #Asylanten? ICH!! #maischberger",0
266,"Antisemitismus ist im gesamten arabischen Raum verbreitet, praktisch salonfähig.Warum wird sowas nicht thematisiert? #islamisierung #Asyl",0
368,Zukünft. #CDU Wähler aus #MEA marodieren auf Merkels Wunsch mordend u vergewaltigend durchs Land aber eine #Islamisierung findet nicht statt,1
250,"#RefugeesWelcome Brüllern ist tägliche #Kriminalität der """"#Flüchtlinge"""" wohl egal oder sie wollen es nicht wahrhaben. #AfD #Islamisierung",0
