,text,label
294,"""Minggu Tenang Pilkada, Ahok Fokus Kerja di Balai Kota: Peresmian-peresmian RPTRA CSR ditunda.""",0
160,Pencitraan di socmed itu boleh-boleh aja. Tapi harus bisa tanggung jawab sama citra yang udh dibikin. Jangan sampe jadi malu-maluin. Kasian.,0
440,Saya doakan pak ahok dan tamengnya tidak kejang2,0
182,"""Dan soal soal ribut-ribut pribumi vs non pribumi yang ramai di beranda saya itu, sebenarnya maksudnya apa? ikut...""",0
181,"""@MataNajwa mbak najwa..ayo """"ketengah"""" lagi sedikit..jgn terlihat ke kiri, dgn meminta terus pak anies cpt2 menyelesaikan kalimat2nya..""",0
156,Hehhee.. Makanya jangan mengagumi sesorng berlebihan.. Kecuali kepada Rasulullah.. https://t.co/ZXVB2DiRMg,0
59,Mpok sylvi udah mulai emosi \ud83d\ude02\n #DebatFinalPilkadaJKT,0
235,RT @hariadhi: Siapa yg salah? Ahok? Iklannya? Bukan.. yang perlu diprotes adalah orang yg benar2 pake spanduk itu #IklanAhokJahat https://t,0
545,cina mah duitnya dari hasil maling di Indonesia di balikin lgi berkedok invest plus bawa gembel2 & napi dari Cina negeri nenek moyang ahok,1
570,@haloJakarta Ahok (BTP) Basuki Tai Babi,1
50,RT @deelestari: Akhirnya nggak ngantuk lagi! Yeay! #DebatFinalPilkadaJKT,0
498,Akui saja Ahok dan Djarot kalian gagal atasi banjir.Orang kena banjir anda sibuk sidang kasus penista agama,1
590,"""ahmad dhani itu borok, sampah, babi, anjing. Saya adalah orang pertama yg sangat muak liat muka dhani dan saya berbangga.""",1
245,"""RT @BelaQuran: Sungguh sgt mengherankan, mengkampanyekan kebhinekaan tp dengan menyebarkan Islamophobia, kebhinekaan yg mana yg dimaksud?""",0
360,Pak anies tolong bongkar lagi masjid yg di bangun pak ahok di daan mogot,0
534,Mampuuss ! Di tembak dalem banget silvyy .. lo urusin tuh dapurr ! Gak punya program demennya nyerang terus !!! #gue2 #DebatFinalPilkadaJKT,1
389,"""Gue lebih suka Ahok bantuin Jokowi ngurusin Indonesia agar lebih cepet maju, bukan hanya Jakarta.""",0
128,Salah satu indikator meningkatnya kualitas hidup warga Jkt adl terus bisa tersenyum seperti Pak Djarot malam ini,0
2,Sylvi: bagaimana gurbernur melakukan kekerasan perempuan? Buktinya banyak ibu2 mau foto bareng #DebatFinalPilkadaJKT,0
355,saya selalu mendukung dan berdoa untukmu ahokdjarot terimakasih,0
691,"""AHOK KAFIR BUKAN HANYA MALING TAPI JUGA GARONG, LAHAN LAUT MILIK NELAYAN DIRAMPOK & DIRAMPAS UNTUK REKLAMASI YG MENGUNTUNGKAN CINA2 KAFIR..""",1
200,jangan ada keberpihakan dalam badan hukum karena itu akan merusak demokrasi #important #MataNajwaDebatJakarta,0
154,"""Ahmad Dhani Bangkrut Ditagih Utang Melalui Video, Mantan Istrinya Jadi Janda Kaya Raya: Hampir setahun berlalu, https://t.co/22InRwRR26""",0
514,pertanyaan dari Bu Sylvi gak mutu amat. #DebatFinalPilkadaJKT,1
140,Mari berjuang bersama SBYudhoyono utk memenangkan #SaduddinDhani di #PilkadaKabBekasi2017 #BekasiSAH #BekasiBerjaya,0
65,ayo berlomba program jgn pitnah doank.. #DebatFinalPilkadaJKT #BadjaPastimenang,0
578,@RestySeterah si ahok pantasnya dinobatkan sbgai Babi ngepret,1
380,Semua sayang ahok. Saya berharap ahok bisa jadi presiden selanjutnya bersama pak jokowi.,0
635,#MataNajwaDebatJakarta topeng anda hari ini fix terbuka @aniesbaswedan .. anda sama dgn yg mendukung anda.. BAU BUSUK,1
564,Teman Ahok emank TAI. apalagi pemimpinnya kek BABI! @temanahok,1
327,"""RT @hariadhi: Makasih Pak Ahok, sudah ajarkan kami makna peduli sama rakyat. Andai di masa depan saya dpt kesempatan""",0
664,"""#iklanahokjahat Terorist nyata di Indonesia... Bukan wahabi, bukan Onta Tapi Babi Babi milik Cina Penebar Teror sesungguhnya....""",1
221,RT @kompascom: Bagaimana metode penarikan sampel hitung cepat yg dilakukan Litbang Kompas dlm Pilkada DKI Jakarta 2017? Simak disini,0
553,"""yg maling itu kan china2 babi BLBI , korupsi nya triliunan , termasuk si AHok korupsi 2 triliun..""",1
357,Mudah2han pak ahok jadi nomor satu di Indonesia,0
136,#MataNajwaDebatJakarta Ya ampun udh closing statement msh aja commentnya ky gitu ya,0
132,@Boojaee sayang hyung cuma pencitraan :* wkwk,0
300,"""biar kalah, tetap bangga. Sabar n iklas menerima nya. Masih bnyak jabatan lain untuk pak ahok. #TetapAhok""",0
462,@Zufrianto3 lebih baik pilih ahok drpd pilih yg se iman tp koruptor dn munafik !! Bodoh kau,1
532,Gusur Ahok demi Indonesia. Teladan buruk pembangkangan hukum dan anti kemanusiaan di Jakarta jgn tertular ke daerah. #CoblosPecinya,1
630,"""#MataNajwaDebatJakarta Hebatnya, Ahok masih mau salaman loh sm Pak Anies yang Amat terhormat. Idih gw sih ogah.""",1
487,"""RT @felixsiauw: tapi twit begini asik lo, kita jadi tau yang mana akun-akun pro-penista agama, akun-akun buzzer yang kerjanya menghujat :)""",1
549,AGAMA DI NISTAKAN! ULAMA DI LECEHKAN!! Ini Alasannya #HaramPemimpinKafir,1
222,"""mnding diem aja pak @basuki_btp semua pergerakanmu pasti disalahkan, klo wktunya menang ntar jga menang.... #IklanAhokJahat""",0
523,Kurangnya pemberdayaan wanita DKI Jakarta bisa dilihat dari telaknya perbedaan warna muka dan warna tangan mpok sylvi #DebatFinalPilkadaJKT,1
258,"""kalo pilih gubernur yg jujur, kerja nyata,anti korupsi,tegas,pinter,mlyani rakyat iklas & peduli pilih ahok djarot,..""",0
184,Awal sp akhir @aniesbaswedan bisanya cm serang pribadi @basuki_btp gak ada program yg perlu dibanggakan #MataNajwaDebatJakarta,0
505,Hahahahhahaa silvy ohh silvy cacingan amat loe ahhh wkwkwkwkwkk #DebatFinalPilkadaJKT,1
475,"""Sayang sekali Bangsa ini Paling jago kalau merasa-rasa. Yg mendukung Pak Ahok merasa paling benar, yg mendukung Mas Anies merasa paling suci""",1
57,Tolong adu program,0
281,"""Pilkada Serentak, Megawati Hanya Minta Jangan ada Intimidasi dan Politik Uang https:\/\/t.co\/zHhvJ4qrrY""",0
655,Kampanye rasis ngmg nya pihak ahok yg di untungkan.. Goblok kafir mana ada di untungkan.. Kalau pada di perkosa bunuh lu enak berduit,1
446,"""Maaf pak saya tidak bisa ikutan nyoblos, KTP saya jakarta, tapi saya skrg tinggal bandung, saya hanya bisa berdoa""",0
239,"""pertunjukan yang sangat membuat saya serius dan gak mau diganggu, selamat untuk pak @aniesbaswedan buat gagasan nya #MataNajwaDebatJakarta""",0
29,Ke Bidara beli mangga. Pulang nye liwat Slipi. Jangan lupa ingetin tetangga. Untuk milih Agus sylvi. #7HariLagiMilihAHY #AgusBersamaUlama,0
148,"""#AniesIntoleran \nAnies Baswedan, tak lagi memiliki integritas dan kredibilitas sebagai seorang pemimpin. https://t.co/rv053Gt4j8""",0
702,"""Ehh TAIK, Bangsat lo, Omongan elo kayak IwAn bopeng, yg MO potong leher TNI, Bangsat lo IwAn bopeng, baek2in TNI. TAIK LO,""",1
617,Mari seluruh Muslim CYBER Army mulai skrg ganti semua sebutan A....K menjadi Terdakwa Penista Agama !,1
457,Ulama Kompak Nyatakan #HaramPemimpinKafir Pilih Ahok = Murtad!,1
173,#MataNajwaDebatJakarta kok gaya pak @aniesbaswedan kayak SBY ya?,0
223,RT @netmediatama: Perbincangan menarik di Quick Count Pilkada 2017 bersama @irakoesno. #NETPilkada https:\/\/t.co\/odbVw4uWMr,0
213,Kiranya Jakarta semakin baik. Selamat berjuang buat Pak Ahok dan Pak Anies ! #MataNajwaDebatJakarta,0
43,Pertanyaan Ibu Silvy rada maksa.. #DebatFinalPilkadaJKT,0
419,Presiden Percaya Pilkada DKI Hasilkan Pemimpin Terbaik,0
76,RT @magendajuang: Wkwkwk udah dah pilih Anies Sandi aja :) #DebatFinalPilkadaJKT https:\/\/t.co\/hMXhjyHBnJ,0
101,Orang tegas dibilang maki-maki orang -_- #DebatFinalPilkadaJKT,0
45,"""Saya pribadi bakal prefer kok muslim dengan kapabilitas, tetapi lihat kondisinya Ahok menjadi pilihan plg realistis buat kemajuan DKI""",0
117,ah diulang. Jawabannya bisa beda kan? #DebatFinalPilkadaJKT,0
497,Ahok : program paslon no. 1 ini programnya ngambang | yaiyalah pakkk gak ada program diaa cma ada celaan #DebatFinalPilkadaJKT,1
207,"""pertunjukan yang sangat membuat saya serius dan gak mau diganggu, selamat untuk pak @aniesbaswedan buat gagasan nya #MataNajwaDebatJakarta""",0
180,"""@MataNajwa mantapppp Mata Najwa diskusi lebih hidup dan mendidik,,, jauh berkualitas di banding debat yg selenggarakan KPU""",0
13,Debat terakhir Pilkada DKI Jakarta digelar Jumat malam. https:\/\/t.co\/e9ixz6Jllr,0
322,Terima kasih pak ahok pak djarot kami bangga perna di pimpin sama bapak berdua...tetap semangat...sukses terus pak,0
330,"""Saya sudah tidak tertarik melihat Debat Pilkada DKI, namun ada yang menarik. Salah satu Cagub sering mengepalkan tangan pada saat menjelas""",0
198,"""Keberagaman itu datang dr hati terdalam, bukan dr pencitraan #Tetap3 #JKTBeragam""",0
31,Sylvie sukses blunder bikin paslon 1 drop elektabilitasnya dengan fitnah dan spin salah pilih kader #DebatFinalPilkadaJKT,0
61,Beliau para pemimpin hebat Indonesia! Kita bangga https:\/\/t.co\/NAWbps9Xpt https:\/\/t.co\/5cC2U9AIEv,0
494,"""RT @Chaeruddin_B: Sekumpulan Teman Penista Agama\nTdk ada empati buat korban banjir, hanya koar2 memuji junjunganya https:\/\/t.co\/XQFktDG74x""",1
580,Faktanya Cina2 parasit tuh ngotot belain si penista Agama @PradanaBhakti @IrianaPasirua @PutraSumedang18 @khoirulilham12 @ronavioleta,1
131,"""RT @tribunjateng: Saat Jeda, Ahok dan Djarot Sapa Ganjar Pranowo dari Atas Panggung""",0
657,I HASIL MAKMAK KALIAN JUAL PUKINYA. BAGI KSLIAN YG BERPIHAK KEPADA PKI DAN SI AHOK ANAK CHINA ANJING KAFIR INI. SERTA NKRI BUKAN DIDAPAT,1
35,RT @JTmor: Ahok pilihan terbaik untuk Jakarta,0
122,Melibatkan yang paham pada bidangnya untuk duduk bersama memecahkan solusi. Cara kepemimpinan yg cerdas ! #DebatFinalPilkadaJKT,0
199,"""Membangun bangsa dan negara ini engga cukup dengan metoda pencitraan saja ,tanpa teruji lewat rekam jejak dan integritas tokohnya""",0
437,Masyarakat Indonesia khusus DKI melihat pemimpin itu bukan dilihat hasil kerjanya,0
624,Si Ahok kampret emang gak becus kerja. Pencitraan mlulu tuh si Ahok kampret. https://t.co/yM5ViOFvpc,1
375,"""Sabar dulu jgn tergesa2 nagih, beliau belum dilantik baru bulan Oktober nanti.""",0
97,Drama bgt itu :(( #DebatFinalPilkadaJKT,0
470,ketutunan cina dari luar kota dan pulau mulai kejakarta mau coblos ahok dengan KTP aspal dari kamboja,1
433,"""Meski dijatuhkan berkali2, Tuhan akan selalu mengangkat yg benar""",0
209,Pak Ahok jangan blunder dong Pak..dari tadi udah bagus. Pertanyaannya komitmen menerima hasil kontestasi. #MataNajwaDebatJakarta,0
397,Aku cinta Pak Ahok. Terimakasih ya Pak atas jasa-jasa dan kerja nyatanya selama 5 tahun terakhir.,0
425,TERNYATA BAJU YANG DIPAKAI AHOK DI DEBAT PILKADA YG SAYA TONTON MELALUI METRO TV SAMA DENGAN YANG DI TV ONE. BARUSAN SAYA CEK,0
217,Abis nyoblos streaming video perkembangan Pilkada 2017 pake #SisaKuotaGakHangus dari @IM3Ooredoo kuota ga habis deh,0
108,Semoga Allah memenangkan pak Anies-sandi https:\/\/t.co\/sns0rXRw3f,0
216,"""Aku heran kenapa ilklan kampanye #AhokDjarot yg terbaru itu begitu, ini aku loh yang bingung bkn akuang,asiang, atau aming #IklanAhokJahat""",0
225,Julia Perez Kecewa Gagal Nyoblos Pilkada DKI 2017 di TPS 15 RSCM https:\/\/t.co\/vajPLioiek,0
62,@InformasiDKI mungkin bu silvy jg pengen foto sama pak ahok hihihi #DebatFinalPilkadaJKT,0
629,Anies congornya aja gede. Realisasinya gak ada. Janji terus dari awal bisanya paling korupsi. Balik jadi dosen aja bangsat.,1
525,#DebatFinalPilkadaJKT yaudah gus sini kalo ga sakit secara fisik daripada verbal gw gebukin lo rame2,1
533,"""BUAT AHOKER YANG TAKUT MATINYA GG DISHOLATIN , TENANG ADA ABU JANDA UST GADUNGAN YG SIAP SHOLATIN AHOKER & JOKOWER""",1
465,#DebatFinalPilkadaJKT mampuuuusssssss mpoK Silvy!!!!,1
358,TPS Paslon Pilkada DKI Akan Dijaga Ketat,0
627,"""#JanganMauDibohongiAhok sebab Ahok Sumber Kekacauan Politik, Ramaikan Aski 313 FIGHT!! https://t.co/WOBxlxvZnx""",1
164,"""RT @TeddyGusnaidi: Bro.. Kalau yg dimaksud Fatwa Penista agama, MUI gak pernah mengeluarkan Fatwa. https://t.co/x9uXhqJKCa""",0
106,#DebatFinalPilkadaJKT Pertanyaan paslon 1 dpt dikategorikan sbg kekerasan dalam debat.,0
637,Babi... iya memang si Ahok gak jauh kayak Babi..,1
264,#SidangAhok dilanjutkan dengan rekaman yang memuat kampanye Ahok di DPP Nasdem dan juga Pulau Seribu. | @adrieedu https://t.co/8P5P4DUcFG,0
512,Norak banget iklan mantan mendikbud @aniesbaswedan ini. Tambah gak respech.. inilah tenun kebangsaan yg dia maksud.\u2026 https:\/\/t.co\/Ux7HEYkBLG,1
237,"""#debatfinalpilkadadki Bagi Anies gubernur adalah pemimpin, bukan administratur / pelayan masyarkt. Padahal melayani mencerminkan integritas.""",0
363,"""Pemimpin yg baik pemimpin yg mengerti akan jiwa pemuda, lanjutkan pak @aniesbaswedan""",0
697,"""AHOK PEMECAH BELAH UMMAT, AJARAN KRISTEN KONYOL, demi meraup suara muslim, JELAS AHOK INI RASIS, PKI TULEN""",1
125,Mayoritas warga Jakarta ingin dipimpin Gubernur baru. Emang iya? #DebatFinalPilkadaJKT,0
583,"""Kalau lo gak tau apa-apa ya jangan berkoar sembarangan dong, keliatan banget kalau lo itu beneran bego :)) #FuckYou""",1
594,Masalah dunia dan masalah nafsu ya kang @ridwankamil . Kata2 kok bersayap kayak burung hantu. https://t.co/mwClbkU4sT,1
14,Demonstran FPD Malteng Desak Bawaslu Hentikan Sementara Tahapan Pilkada Maluku Tengah,0
417,Ini Pelajaran yang Dipetik Ahok dari Pilkada DKI,0
52,"""Tuntut Keadilan Bagi Penista Agama, Puluhan Jawara Betawi Ikuti Aksi 212 Jilid II https:\/\/t.co\/HWVuoZyYov""",0
274,Adakah Potensi Radikalisme di Pilgub DKI Jakarta? #LunchBreak #SidangAhok,0
404,"""Lanjutkan perjuangan Pak, Bapak orang baik pasti ditempatkan di tempat yg lebih baik juga.""",0
539,"""Jangankan Banjir, Tuhan aja Dilawan Sama Ahok #JakartaBanjir Tapi Jakarta hari Ini Bukan Banjir, Hanya GENANGAN.""",1
567,Kampungan ya pendukung AHY https:\/\/t.co\/GmezpOYLsY,1
315,"""Terimakasih Pak @basukibtp untuk 5 tahunnya, 3 tahun sbg wakil gubernur & 2 tahun sbg gubernur!""",0
66,RT @qronoz: Pokoknya kalo Ahok udah ngomong: Aduuuuuuh KELAR. #DebatFinalPilkadaJKT,0
259,RT @anies_sandi: Bisa merangkul dan menegakkan hukum. Kepemimpinan itu hadir dengan memberikan contoh & perbuatan - @aniesbaswedan,0
382,"""Pak Ahok, jadi cagub di Bekasi aja ya pak... Bekasi mau dipimpin orang seperti bapak, biar ada perubahan lebih baik @basukibtp""",0
427,Debat Terakhir Menentukan Elektabilitas di Pilkada DKI Putaran Kedua,0
308,"""RT @AlissaWahid: Tuips, Ibu Sinta Nuriyah tidak pernah mengeluarkan pernyataan terkait pilkada DKI""",0
174,"""#MataNajwaDebatJakarta kenyataannya si anis nyaman bgt dgn isu sara kok , kan nguntungin anis , pura2 sok bijak pdhl menikmati isu sara ,""",0
646,"""#MataNajwaDebatJakarta Pak Anies sudah meninggalkan ketenangan dan ketulusannya dalam debat malam ini, mjd agitatif dan licik. semoga kalah kau anjing""",1
77,fitnah lebih kejam loh dari pembunuhan #DebatFinalPilkadaJKT,0
168,"""Kalah di Pilkada Bekasi, Ahmad Dhani Jadi Juru Kampanye Pasangan Anies-Sandi https://t.co/oIZpN8hYnd #NenengYes https://t.co/FGOhKhXWxt""",0
643,nampaknya sudah satu paket penyokong cina babi pasti juga sokong LGBT,1
142,Pasangan mana yang unggul dalam debat kandidat Gubernur-Wagub DKI Jakarta Malam Ini?,0
321,"""Pak ahok @basukibtp tetep semangat yaaa, saya akan selalu menghargai kerja keras bapak dan saya ucapkan selamat atas kemenangan paslon nomor 3 yaitu #AniesSandi!""",0
520,Yg ga punya program bisanya cuma fitnah. Ciri Orang yg demen ngambil kjp kontan #DebatFinalPilkadaJKT,1
548,"""Yg Ahokers, Klo gak seneng ama cuitan gw silahkan unfollow krn gw Anti AHOK (Si Penista Agama Islam)""",1
147,"""Umat Islam yg peduli agama mrk, tentu tdk akan tergoda dg trik2 konyol seperti ini, InshaAllah umat Islam sdh sadar https://t.co/PFH1MPsKFO""",0
40,Lomba adu program #DebatFinalPilkadaJKT #SkakSilvi,0
563,"""#jujur orang cerdas dan pintar pilih orang imam dan mampu memimpin ..bisa sholat...bisa ngaji..santun, sopan..tidak seperti babi kafir ahok""",1
628,#MataNajwaDebatJakarta Anies anda SADIS. Topengmu terbuka lebar malam ini. Biar warga DKI yg menilai...apa yg anda katakan adalah PENGECUT,1
527,JG KAITKAN JOKOWI DENGAN AHOK KATA JOHAN BUDI. KATA KAMI. SEBAB JOKOWI ANJING. SEDANGKAN AHOK BABI. YA JELAS BERBEDA. WALAUPUN OTAKNYA SAMA,1
515,Huuu sylvi tak tahu apa-apa asal ngoceh #NobarAhokDjarot #DebatFinalPilkadaJKT,1
341,Sampai detik ini pak ahok masih harapan terbesar saya #prayforjakarta,0
105,satu perempuan bukan semua perempuan #DebatFinalPilkadaJKT,0
347,Gubernur dan wakil gubernur terbaik yang pernah jakarta miliki.,0
113,RT @di_HatiKecil: Bagus nih ilustrasinya #DebatFinalPilkadaJKT https:\/\/t.co\/zAQLqrBiUF,0
204,"""Kenapa debat @MataNajwa ini, Ahok makin keliatan diatas angin ya. Kliatan dia sangat menguasai problem solusi tata kelola Jakarta.""",0
170,"""#MataNajwaDebatJakarta jawaban terakhir Anis jadi bikin ingat jawaban dia pas debat kemarin, """"jawaban anda menarik tapi tidak nyambung""""""",0
587,"""paling mau muntah liat lagak nya @AHMADDHANIPRAST, jadi orang sok iye banget hoek""",1
701,"""Maksudnya terbukti KORUPSI dan PENISTAAN agama nya ya om, Bangsat lo, TAIK LO, maaf gw pake Bahasa Babi Ahok.""",1
27,jadi yg nyebar hoax ketahuan dong ada akun twitter nya lho,0
307,"""RT @Aktualco: Mahfud MD Heran, UU Pemda Sangat Jelas Tapi Mendagri Keukeuh Pertahankan Ahok""",0
55,Sesuai namanya: RONDE FINAL\n\n#DebatFinalPilkadaJKT,0
495,RT @TerorisSocmed: PENJARAKAN PENISTA AGAMA !!! ATAU @jokowi TURUN !!! https:\/\/t.co\/vqH0TNXaRz,1
242,Hampir semua polling Anies - Sandi yang menang. Semoga hari H nya juga demikian. #AniesSandi,0
679,itulah akibat ulah orang2 kafir nasrani persis seperti ahok kafir yg melarang jilbab kepada anak2 sekokah di jakarta....,1
605,"""@AHMADDHANIPRAST aku katakan anjing kpd ahmad dani, boleh....aku katakan babi kpd ahmad dhani, boleh...""",1
157,#MataNajwaDebatJakarta acara uda abis menurut kalian debat sapa yang betul-betul memaparkan prog dan solusi?,0
519,#DebatFinalPilkadaJKT mati kau hok,1
615,"""Kami lebih resah anda jd presiden!!!! hidup anda penuh drama dan pencitraan, main FTV aja joko judulnya https://t.co/T2BUgLTnUO""",1
438,Kami sebagai rakyat indonesia yang bukan berasal dari DKI turut mendoakan semoga pak Basuki dan pak Djarot tidak pernah lelah melayani kami dan tetap terus semangat,0
510,RT @AnnisaFYtr: Hanya Orang Islam Yang Bodoh dan Goblok Yang Memilik Ahok! #DebatFinalPilkadaJKT,1
390,"""Pak kok saya pngn peluk bapak sambil bilang """" pak tetap semangat ya, saya selalu mendoakan yg terbaik untuk bapak""""""",0
109,#DebatFinalPilkadaJKT non muslim coblos Ahok muslim coblos Djarot. Bagaimana?,0
58,Genderang perang makin kencang #DebatFinalPilkadaJKT,0
115,isinya timeline twitter cm pilkada.. membosankan sekali..,0
56,"""Mendagri Tambah Pusing, Ketika MA Emoh Keluarkan Fatwa Status Gubernur Penista Agama https:\/\/t.co\/J34aMQiMNi""",0
597,"""polisi yg jadi imam sholat ini adalah seorang penista agama, bodoh, BERISLAM cuma ikut2an. COPOT KAPOLRES JAKBAR !! https://t.co/s2h2Ybrthm""",1
227,RT @miekarinayam: Saya bertanya apakah saya memang tak boleh ikut Pilkada 2017? Apakah saya kehilangan hak saya yg dijamin konstitusi?,0
73,Mulai seru ni #DebatFinalPilkadaJKT,0
11,"""Bos mau makan di istana ga, Di undang noh makan di istana Gebang tapinya https:\/\/t.co\/ns6cUYCpUj""",0
406,Buat Pak Ahok tetap berkarya pak. Masih ada kesempatan lebih baik di 2019,0
502,RT @andreobz: Pantasan di pecat dr menteri...data2 aj ngawur dan memkasakan betul..hahaha #AhokPastiTumbang #paslon3 #pilgubdki,1
658,"""Tim pendukung sakit jiwa, kehilangan akal sehat & ide #IklanAhokJahat""",1
277,Selamat Pagi met aktifitas happy weekend Semoga kita jadi orang jujur biar hidup slalu mujur Aamiin #FreeAhok,0
326,Pak Ahok the best aku salut sama pak orang nya sabar dengan cobaan dari tuhan Pak Ahok is the best,0
48,#DebatFinalPilkadaJKT Telak banget anjir ngakak!,0
244,"""Oke Oce akan menjadi brand dimana, semuanya menjadi OKe Oce, bahkan nanti ada kampung Oke Oce #debatfinalpilkadadki""",0
353,Survei Terbaru: Anies-Sandi Melejit Jauh Tinggalkan Ahok-Djarot https:\/\/t.co\/2IHhuzPsbF,0
547,keliatan banget bego nya mpok silvy and agus. #DebatFinalPilkadaJKT,1
403,Terima kasih pak Basuki. Sampai kapan pun sejarah akan mencatat bapak membawa perubahan bagi kami warga jakarta,0
486,#JakartaBanjir Pemimpinnya gak punya akhlak yg baik... PENISTA AGAMA. https:\/\/t.co\/PNEGDJMPCH,1
488,@DivHumasHansip: ahoker siap bela penista agama https:\/\/t.co\/HxuU4rUDFX\,1
150,"""@agusriyadi12345 Apakah tidak sadis, jika semua berita tentang ahok, judulnya diawali degan Terdakwa penista agama bukan menggunakan nama?""",0
292,"""Terimakasih Pak Ahok @basuki_btp #tetapahok karena kita memang siap kalah, dan selamat buat Gubernur baru""",0
41,#DebatFinalPilkadaJKT Denger banyak program dan janji dan sering tau pas jadi ga dijalankan rasanya males aja sih.,0
685,#IKLANAHOKJAHAT AHOK MENCIPTAKAN BARA API ANTARA RAKYAT PRIBUMI DENGAN TIONGHOA YG DIBALUT DENGAN PHOBIA.... AHOK KAFIR RASIS...,1
7,Ahok Akan Integrasikan Transportasi Publik dengan Sistem Single Ticketing\u2026 https:\/\/t.co\/42PH7pqV0b #infoTribun,0
423,"""Amankan Pilkada DKI, Polisi Terapkan Dua Sistem Pengamanan""",0
84,#DebatFinalPilkadaJKT mohon tenang,0
91,"""RT @hariadhi: Ahok udah perhatikan penyandang disabilitas, jauuuh sebelum kandidat lain berjanji #NobarAhokDjarot #BadjaPastiJuara""",0
708,Muka Si BABi Ahok Tuh Yg Mirip SERBET Lantai....@basuki_btp...,1
371,"""#BesokGueAhok Karena Terbukti Dan Teruji Dari Segi Kerjanya,Ahok Untuk DKI Jakarta Lebih Baik Kemudian #TetapAhok""",0
524,Agus silvy Tukang Fitnah #DebatFinalPilkadaJKT,1
489,RT @alwinazar24: sepertinya CUCUnya DAJJAL telah hadir,1
509,Bu silvi anti pns level rendah katanya #DebatFinalPilkadaJKT,1
96,Nyinyir tingkat nasional #DebatFinalPilkadaJKT,0
269,Semua kejujuran akan mendapatkan pahala dr surga #FreeAhok,0
557,Dasar si Kutil babi ahok memang Tukang Bohong. selain Bohong ahok jg biasa Menyalahkan yg lain menutupi Kegagalan nya . contoh soal banjir,1
208,Jangan berpihak...melayani rakyat dengan sepenuh hati..Tuhan yang memberi kekuasaan.. Tuhan yang mengambil..-ahok#MataNajwaDebatJakarta,0
528,Bajingan lu silvy #DebatFinalPilkadaJKT,1
447,"""semoga ahokdjarot bisa terus melanjutkan visi misi nya untuk membangun kota Jakarta, agar lebih rapih bersih dan nyaman""",0
396,"""Selama 20 tahun tinggal di Jakarta, baru 5 tahun terakhir benar-benar terasa perubahan dan sadar kalau itu akitbat gubernurnya.""",0
337,Pak anies dan pak @sandiuno selamat ya sudah terpilih jd gubernur dan wagub Jakarta.,0
540,ADA PEMIMPIM PRIBUMI knp pilih PEMIMPIN IMPOR yg g BERADAB tukang BERBOHONG yuk PRIBUMIKAN DKI milik BANGSA IND @Gemacan70 @TerorisSocmed,1
139,Ketiga paslon gagal menjawab pertanyaan yang jawabannya harus memuji kebaikan paslon lain,0
268,"""RT @findririn: Walaupun artinya teman setia, seharusnya lebih dihindari kalau jd pemimpin""",0
126,Paslon 1 selalu nyerang paslon 2 ni #DebatFinalPilkadaJKT,0
559,"""Om...Ahoknya...Mana Om,Katanya Si BABi Ahok Bisa Ngatasi Banjir...Om...BABi Jgn Membual Om...?!!?""",1
210,jangan ada keberpihakan dalam badan hukum karena itu akan merusak demokrasi #important #MataNajwaDebatJakarta,0
230,RT @netmediatama: Presiden @jokowi menggunakan hak suaranya untuk Pilkada DKI Jakarta 2017 di TPS 4 Gambir Jakarta Pusat. #NETPilkada,0
393,Pak ahok tetap menjadi gubenur dihatiku ....,0
696,uma surveynya si Botak yg menangkan Ahok. Karena apa? Karena dia Cina Kristen. Bukti kalo si Botak dukung sesama Cina Kristen,1
381,Bukan lagi milik jakarta lagi ahok tapi milik kita untuk membangun jakarta lebih baik,0
551,@umnia77 @ruhutsitompul @sahal_as anjing2 ahok.kaum babi lo bnyk bacot.mnding duel sma gw.,1
526,Keluarga kita gak ada yg maling coyy gak perlu trauma kaleeeee emang kluarga ente?,1
18,"""Gubernur non-aktif DKI Jakarta, Basuki Tjahaja Purnama atau Ahok, berencana merombak struktur jabatan pegawai... https:\/\/t.co\/cdKEZxF9xO""",0
662,SI KUTIL BABI TELAH MELECEHKAN PRIBUMI DAN UMAT ISLAM #IklanAhokJahat,1
253,RT @alayyubichoir: Sosok Anies Sandi harus diakui sgt mengayomi. Sangat kompeten utk membangun kerukukan & kebhinekaan di Jakarta,0
359,saya bukan penduduk jakarta. tapi saya kagum pada sosok ahok dan jarot.allah memang punya rencana lain.selamat pada beliau,0
445,"""yg jelas, kerja keras, pasti, dan jujur tetap pak ahok.""",0
698,Woy @aagym lu udah nonton yang ini? Fitnah? Pale lu peyang gym. https://t.co/U3QhuJpwg,1
707,Gimana dgn Sumber waras.. Trans Jakarta ko jokowi diem ajah.... Harusnya si kutil babi ahok di ganyang,1
304,"""Puluhan Personel Brimob Nunukan Diberangkatkan, Amankan Pilkada di Dua Provinsi""",0
436,Yakin bahwa ini bukan jalan yang terbaik untuk anda dari hanya sekedar Gubernur dan Wakil gubernur DKI..,0
569,"""ahok tidak layak seperti manusia, dia lebih tepat seperti babi yg tidak punya akal pikiran dan jiwa manusiawi""",1
161,RT @kompascom: Kasus Kicauan Ahmad Dhani Dilimpahkan ke Polres Metro Jakarta Selatan. https://t.co/uJ0m7JernN,0
653,"""iya,kelasnya penista agama,bs nya cm ngebacot doang yg arogan sk blg taik"""" nenek lu,oh ya sumber waras n nama d kasus E ktp apkabar?skakmat""",1
416,Ahok Banyak Belajar di Pilkada DKI,0
552,Ahok memang verbalnya keras. Pelampiasan dan pelarian karena kelelakiannya lunak.,1
20,"""Ibu2 aja, kalo beli telor pake milih2 sblm ditimbang. Pdh telor kan mirip2. Ibu2 itu tahu, telor ada yg busuk""",0
660,"""HOOKK, masuk gorong"""" aja loe #IklanAhokJahat""",1
32,Ahok: mari berlomba program #DebatFinalPilkadaJKT,0
377,Semoga @persijajkt lebih maju dengan adanya gubernur era baru.,0
490,"""Mereka Siang MALAM Maki2 Ulama Kita, Nongkrongi Medsos Ulama2\nBela PENISTA Agama yg SOMBONGNYA Minta AMPUN.""",1
49,Ayo berlomba program jangan fitnah2 #DebatFinalPilkadaJKT,0
712,Mudah2an gw ketemu sama SI BABI IWAN BOPENG DI TPS nya anjing Ahok,1
426,"""Sebagai warga negara yang baik, lo wajib ikut mensukseskan Pilkada Jakarta 2017. Temukan performa berbeda Debat Pilkada pukul 7""",0
561,Perilaku Si BABI @jokoanwar ini memang benci dgn hal berbau Islam. Cocok dgn Ahok. @SiBonekaKayu,1
178,Ada yg tahu ga backsound penutup mata najwa ini siapa musisinya dan apa judulnya? #MataNajwaDebatJakarta,0
342,Tuhan punya rencana yg indah buat Pak Ahok dan Pak Djarot,0
558,@PonkEcha @Fahrihamzah Si Terdakwa Penista Agama Alias Si Ahok Babi Jamban tuh yang Morfotin Uang Rakyat Jakarta,1
592,"""Keputusan ERKA hari ini harus kita HORMATI, begitupun sebaliknya KAMI tidak akan memilih partai pendukung PENISTA AGAMA.""",1
141,"""Jikapun aparatur bisa dibeli, kyai dan santri oplosan dibeli. Masih ada yng ASLI, siap MELAWAN KETIDAKADILAN https://t.co/riloAH9gAd""",0
110,#DebatFinalPilkadaJKT *pemimpin harus dapat ciptakan suasana damai tentram dan bukan adu domba atau hasutan,0
584,@AHMADDHANIPRAST ahmad dhani yang terhormat paling babi paling anjing aing kontol paling lonte tungu saat nya karier mu akan habis!!!!,1
687,Ya itu namanya cawgub goblok gak ngerti peraturan debat....kelihatan bego dan liciknya itu sandiaga uno.,1
538,"""Ketika ngomong, Sylvi keliatan oke. Tapi begitu didebat Ahok, Sylvi langsung kekuatan goblok.""",1
144,"""Membangun bangsa dan negara ini engga cukup dengan metoda pencitraan saja ,tanpa teruji lewat rekam jejak dan integritas tokohnya""",0
104,RT @WisnuDewobroto: Ga seru nih. selalu mengungkit masa lalu :). kekerasan Verbal semua pernah lakukan manusia biasa. #DebatFinalPilkadaJKT,0
676,AHOK KAFIR DAN BUDAK2NYA ATAU ANJING2 NYA HANYA SEBAGAI SAMPAH AGAMA ISLAM DAN SAMPAH MASYARAKAT,1
652,"""#SidangAhok smg sipenista agama n ateknya matinya tdk wjar n jasadnya tdk dtrma tnh n dia tdk prnh mrs kn sorga,aamiin semoga tuhan setuju""",1
338,RT @PartaiSocmed: Kejahatan perbankan yg di spin oleh tim AHY untuk kepentingan pilkada,0
689,Gubraaaaak!!!! Malu liatnya... Untung semalem debat ga kaya MATA NAJWA.. Coba kalo formatnya sama pasti Ringsek dah pasangan ASU...,1
89,RT @republikaonline: Ahok Janji Berani Tutup Tempat Hiburan Malam yang Jual Narkoba,0
88,Mas Agus saya akui malam ini....rambut kamu bagus! #DebatFinalPilkadaJKT,0
283,Jangan pernah lelah mengabdi untuk Indonesia Pak @basuki_btp. #TetapAhok!,0
607,"""@Anakran63208433 @5ec4a1e80d3c48c @aniesbaswedan pikiran anak bani kampret g beda jauh sma penista agama. Penfitnah, Penipu Dan Garong..""",1
129,Tontonan yg wajib ditunggu sehabis #DebatFinalPilkadaJKT,0
285,@LaitsSaja TNI-Polri Bersinergi Jaga Keamanan Jelang Pilkada DKI TNI dan Polri terus bersin https:\/\/t.co\/HP77I9lffG,0
508,"""Shame on you silvy !! Ga malu fitnah?? Tuh rasain pak ahok panas, skak mat #DebatFinalPilkadaJKT""",1
155,"""Ahmad Dhani Sentil AHOK, eh Sandiaga Uno cengar cengir.!: https://t.co/vhDAAa3ShI melalui @YouTube""",0
568,"""@Ananda_harahaP udah lu jgn panik gitu. ahok si kutil babi bakal tumbang kok di putaran kedua. teruskan cuapcuap mu di sosmed, gak ngaruh.""",1
609,@republikaonline spt ahok dulu .. nasdem disusul dg cs nya .. yg mendukung paslon penista agama dan tukang caci maki tai tai ..,1
476,Video Ahok Menghina Agama Kristen Agama Konyol #AhokPecahBelahBangsa,1
700,"""Saya pribumi, Kristen dan mendukung Ahok. Tapi saya paling anti dengan manusia2 bodoh dan goblok seperti Steven Hadisurya Sulistyo.""",1
430,keluarga sudah ke menggunakan hak pilihnya pagi ini. Jangan lupa bagi warga Jakarta untuk datang ke TPS sebelum jam 1 siang!,0
669,Yang anti cina & mau ganyang cina tuh siapaaaa..??? kami cuma anti AHOK sang Penista Agama! #kampanyeAhokJahat #IklanAhokJahat #kampanyeSARA,1
243,RT @anjisudirman: @fahiraidris Yg iklankan kampanye ahox adalah yg sama sebarin spanduk syariah dan brosur black campaign. #IklanAhokJahat,0
365,"""Negara kita negara BHINEKA TUNGGAL IKA. jadi ga liat pemimpin dengan agama ,ras ,budaya""",0
544,@tribunnews emang ahok siapa?? Orang penting?? Dia hanya penista agama!!,1
159,RT @99Ohhani: Woww dukungan Rakyat Palestina ke Ahok yg dituduhSbg penista Agama ?? mrk Mengelu2kan Ahok !!!Ahok is The Best https://t.co/,0
248,Cerita Djarot ini diharapkan membuat para pendukung tetap berdamai. #debatfinalpilkadadki #temanahok #AniesSandi,0
613,INI MANUSIA APA ANJING MATI-MATIAN RELA JADI MURTADZ DEMI BABI AHOK KAFIR. https://t.co/2XXN5CFdVM,1
595,Penista Agama menjadi Santri Kehormatan.Yang kasih ini ke ahok otaknya perlu direparasi.Demi Pulkada nama Santri yg baik kailan jual belikan,1
368,"""Doa itu sebaiknya yg baik2. Karena Tuhan juga baik. Klo doa jelek jahat, akan berbalik ke diri yg mendoakan loh""",0
454,@fahmiabuazzam1 biar aja biar tai nya kena bapak lo itu ya. Loh tuh kan gak suka sm ahok jadi biar loh sm bpk loh sm ibu loh kena tai nya.,1
472,RT @mosangada72: Masih mau memilih Agus-Sylvi???\nAnaknya SBY dan Keluarga Koruptor\n#BlusukanAhok\n#BerjamaahCoblosPecinya\u2026,1
194,"""Menurut Anda, apakah #SidangAhok Dugaan Penistaan Agama dgn Terdakwa @basuki_btp murni isyu Pilkada DKI Jakarta atau murni demi Islam???""",0
102,1 atau 2 perempuan berbeda dengan kaum perempuan #DebatFinalPilkadaJK,0
190,"""#MataNajwaDebatJakarta Paslon 3 serang terus dengan membawa2 hal2 yg biasa menyerang, tp Paslon 2 tenang menjawabnya""",0
388,miris ya pak ahok...sukses slalu buat my idola pak ahok,0
323,Terima kasih Pak Ahok-Djarot telah bersama kami beberapa tahun ini,0
682,masalahnya djarot tidak bisa memikirkan rakyat kecil pribumi bisanya hanya membabu kpd cina2 betul2 songong jongkok.,1
620,RT @Gemacan70: Hajar bleh hanya untuk bela #Nomor2Koruptor...cuihhhhhh https://t.co/o4nnZBkNYS,1
302,"""Wlaupun kita tak kenal,saya yakini slama ini kamu tlah bkerja kras tuk sebuah nilai yg diperjuangkan.""",0
39,Telaaaakkk nomer satuuuu. Nghahahaha #DebatFinalPilkadaJKT,0
143,"""Keberagaman itu datang dr hati terdalam, bukan dr pencitraan #Tetap3 #JKTBeragam""",0
299,Partai Nasdem Optimis Menang di Pilkada Serentak 2017 https:\/\/t.co\/EOAzcxai94,0
240,"""RT @BelaQuran: Kami tdk akan terprovokasi dgn sentimen dan jualan SARA mu itu, karena kami cinta Indonesia #IklanAhokJahat""",0
28,Mpok @sylviana_murni-nya tolong Mas @AgusYudhoyono,0
320,"""Selamat atas status barunya pak #Aniessandi, semangat ya pak, semoga semua sesuai dengan janjinya""",0
619,RT @izzah_pandeka: #Nomor2Koruptor negeri para korup diasuh cino babi https://t.co/wJXalyPxPn,1
401,"""Bapak ahok sosok yang saya banggakan, terimakasih pak sudah merubah jakarta.""",0
153,"""@HaqueMarissa ,, ahok di jakarta , daging babi di bali apa hubungan nya ya??""",0
606,"""@Bisniscom haha memaki untuk melawan mah harus, drpd ditindas pemimpin munafik melindungi penista agama, dll. Agama no 1 (islam), taubat rot""",1
116,Mohon tenang mohon tenang #DebatFinalPilkadaJKT,0
64,RT @InaKinoy: baca ini dulu lah biar mendinginkan suasana #DebatFinalPilkadaJKT https:\/\/t.co\/Em9GCKc4qe,0
600,"""Sini lu, kami enggak mau kampung kami didatangi sama penista agama, https://t.co/1z3MtHs9ck""",1
680,baswedan pantas jadi gubernur jakarta dan komisioner KPK..... ahok kafir pantasnya jadi germo di alexis....,1
22,Ini Pesan Ahok di Hari Pers Nasional #KitaPastiPernah https:\/\/t.co\/h0L6mrjM3R,0
385,Terima Kasih pak sudah mengabdi dijakarta dengan segudang permintaan warga.,0
60,Some people gabisa bedain kasar sama tegas. #DebatFinalPilkadaJKT,0
483,"""RT @UstadTengku: Ya Allah Jika Mereka Menempuh Cara2 Curang utk Memenangkan Si Penista Agama, Engkau Kirimkanlah MALAIKAT MAUT Utk menyeles\u2026""",1
479,Nomor 1 sok tau lagi lansung di skak wkwkwk #DebatFinalPilkadaJKT,1
188,#MataNajwaDebatJakarta pak uno habis 62M istrinya ga marah ya pak? Saya mo beli sepatu 300rb aja istri saya marah2 pak,0
114,RT @rezaoktovian: Ahok terlalu keren :'),0
266,Pembangkit Listrik Tenaga Panas Bumi Terbesar Dunia.. #CitiPeka #SidangAhok #Tebak2anHajiDjarot https://t.co/KtXdXZsh8H,0
522,RT @bajigurceleng: @jpnncom hahaha jelas2 buat pilkada dasar polisi made in cina pelindung penista agama,1
631,#MataNajwaDebatJakarta kalau untuk urusan bacot memang anis nya juaranya..memang kita bakal makan bacot di jakarta..haha..paslon yg aneh gede bacot doang.,1
623,Orang punya saksi anjing dikasus babi.. Tolol https://t.co/ssePg5FCXm,1
639,itu kan kata ahok kafir..umat islam anti ahok karena ahok itu kafr ditambah ahok itu cina yg suka makan babi & bir,1
280,Kalah atau menang #tetapahok. Terimakasih krn banyak ngasih pelajaran bagaimana kerja keras utk rakyat dgn bersih.,0
118,Perasaan bukan pertanyaan itu deh yg td dijawab om @aniesbaswedan audionya ga keluar atau ia ya? #DebatFinalPilkadaJKT,0
634,#MataNajwaDebatJakarta lucu banget jawaban ahok.. gak nyambung. Ditanya apa di jawab apa. Kena skak mat d pertanyaan isu agama tdi. Dasar cina tolol hahaha,1
293,LUCU !! Yuk Melihat AHOK Promosikan Musik Dangdut Kepada Tamu Mancanegara,0
705,"""Dan ajeng pasti paham si Babi Ahok klo bicara santun, BANGSAT, TAIK, ANJING, SETAN LO, dngn intonasi yg familiar tuntuna""",1
254,RT @nielchen99: Ngomong manis memang gampang giliran kerja bingung #MataNajwaDebatJakarta,0
593,Lupakan @ridwankamil biarkan karam dg kapal munafiknya. kita bangun jabar dg kapal yg bersih. Delete partai pendukung penista agama dari hati,1
394,Dari lahir di Jakarta sampe detik ini baru gue liat kali & pintu air Manggarai bersih dari sampah ya pas jaman Jokowi sampe Ahok. #TetapAhok,0
684,"""DALAM PUTARAN DUA NANTI JIKA SAMPAI AHOK KAFIR CURANG UMAT ISLAM SUDAH KOMITMEN JAKARTA AKAN DIJADIKAN LAUTAN API, SUDAH TIDAK MIKIR HUKUM""",1
435,Pak Basuki dan Pak Djarot tetap kuat didalam iman dan pengharapan...,0
276,"""cuma org"""" yg salah saja yg takut dgn doa itu,anda salah?? kenapa takut??? bertobatlah sebelum doa itu dinyatakan,""",0
186,Haduhhhh Pak Anies.. Terus pendukung anda yang didatengin ke Jakarta itu dari mana pak? Dari luar jakarta kan #MataNajwaDebatJakarta,0
15,"""Dulu Didesak Berhentikan Ahok Ngeles Usai Masa Cuti Pilkada, Sekarang Kampanye Mau Habis Kemendagri Ragu-ragu https:\/\/t.co\/92ss4trDcX""",0
171,"""#MataNajwaDebatJakarta buzzer ahok lagi kerja keras nih,.ayo kerja2 tar gajian ga turun""",0
30,Serius tapi ada selipan hiburannya \ud83d\ude06\ud83d\ude06\ud83d\ude06 #pilkadadki2017 #DebatFinalPilkadaJKT,0
576,"""@posmetroinfo Emang terdakwa penista agama, salahnya dimana coba, kl yg biasa bikin hoax metrotipu aman2 aja tuh dewan peres""",1
651,Itulah Indonesia. Yg dibully org yg bener.Yg salah dan binatang2 seperti nomor tiga dibiarin berkeliaran #matanajwadebatjakarta pak an https://t.co/jYSg6x1A,1
79,"""RT @prastow: Apapun itu, keberanian Ahok membongkar mafia anggaran menjadi tonggak penting menuju APBD yg kredibel dan akuntabel.""",0
16,"""Gila gara2 pilkada, beberapa tokoh menampakkan watak aslinya.""",0
659,#IklanAhokJahat Hati hati Mereka Mulai Prustasi dan Memainkan Cara cara Kasar !! Karena hasil dari berbagai survei si penista agama kalah!!,1
376,Pak @aniesbaswedan knpa ngga mampir dulu ke tempat saya. Orangtua saya ngefans bgt,0
665,"""RT @TerorisSocmed: Sadarlah wahai anak Bangsa, Ibu Pertiwi Sedang Diporakporandakan Oleh Manusia BIADAB @basuki_btp Sebagai Aktor Utama""",1
566,@gotcancer2 bukannya stigma babi itu milik tuhan elu si ahok kafir,1
271,"""RT @RuridaJihandari: Itu sidang apa drama korea sampe 20kali, lagi menunggu sidang ahok season 2 nih... Kayaknya goblin mah kalah pamornya""",0
166,"""Sebut Ahok Bukan Akademisi, Ahmad Dhani: Secara Intelektual, Lebih Intelek Bang Anies https://t.co/YrzfmMV1LG""",0
571,"""RT @diyahaudya: @yusuf_dumdum Yg ada, cacimaki penista agama tapi ternyata ketauan poligami ngumpet2. Apa mau digituin? Saya sih ogah.""",1
87,#DebatFinalPilkadaJKT nggak cuma ibu2 yang pengen foto sama Ahok bapak2 juga lho,0
362,Semoga bapak bisa meneladani sosok bang yos gubernur jakarta yang sangat cinta @persijajkt,0
120,RT @rigenz123: Sehatkan Warga DKI Melalui #JakartaBerlari Barulah Pembangunan Dapat Sejahterakan Warganya. #DebatFinalPilkadaJKT,0
331,Semangat terus. Maju terus di dalam TUHAN. God Bless you more and forever bpk ahok dan family,0
8,"""Ahok mampu melawan korupsi di ibukota, bangun infrastruktur, mencoba memperbaiki dengan berbagai trobosan dan works well.""",0
214,Masihkah Ahoker debat soal program? Jlebb.. KO kena uppercut Anies soal KJP. Pergubnya blm di rubah.. @roemahdjoeang @NetizenTofa @cepot234,0
212,"""Kenapa debat @MataNajwa ini, Ahok makin keliatan diatas angin ya. Kliatan dia sangat menguasai problem solusi tata kelola Jakarta.""",0
513,"""RT @DivHumasHansip: yg nebar kebencian itu ahok mbak,masa mbak gak tau sih sampai dia jadi terdakwa loh @AnizzahGedrun""",1
288,@nu_online sikap yang jelas dan tegas demi ketertiban dan keamanan ibu kota negara menjelang pilkada dki jakarta,0
318,Bangga masih memiliki putra bangsa seperti pak Basuki dan pak Jarot.,0
267,"""RT @findririn: Dan toleransi itu, ketika muslim bisa menjalankan perintah agamanya, dan non muslim juga bisa menjalankan agamanya.""",0
650,RT @LeonartoRabono: tapi kenyataanya jutaan rakyat kecil asli pribumi yg miskin justru semakin dimiskinkan oleh ahok cina kafir....,1
364,kami disini mendulungmu untuk jakarta yg maju bukan hanya ekonomi nya tapi juga prestasi sepakbola nya,0
197,"""#MataNajwaDebatJakarta terima kasih telah memberikan pendidikan demokrasi pada rakyat Indonesia, khususnya Jakarta.""",0
226,Disediakan Ambulans untuk Pasien Mencoblos pada Pilkada DKI 2017,0
305,@basuki_btp sing sabar pak.. Simpen energi bapak untuk bagian lain Indonesia... Gusti Allah mboten sare pak...,0
36,RT @augustfrankto: #DebatFinalPilkadaJKT Bu Silvy curhat karena pernah dimarahi sama Pak Ahok...hehe..,0
411,Hanya bpk lah gubernur satu satunya yg bisa membawa perubahan di Jakarta...semangat pak...,0
507,RT @HasanArisandi: #AhokPastiTumbang fakta di bilang fitnah\n#DebatFinalPilkadaJKT,1
296,Pagi Ini Polrestro Bekasi Gelar Pasukan Pilkada https:\/\/t.co\/ypRv5nNjSb,0
124,RT @TirtoID: Soal gerakan-gerakan ala @aniesbaswedan #PeriksaData #DebatFinalPilkadaJKT,0
500,RT @wongawas: Overdosis @Metro_TV membela penista agama. https:\/\/t.co\/i84RARpy5w,1
262,"""Semoga pak basuki bisa jadi presiden,agar Indonesia lebih maju.""",0
464,"""Ayo umat Islam yg pinter, jgn percaya klo aksi 112 tdk ada hubungannya dgn pilkada, pihak AHY yg bayar anies yg untung \ud83d\ude01""",1
319,"""Temen-temen, apapun pilihannya, masih ada kehidupan setelah pilkada. Mari saling merangkul & saatnya Jakarta maju dan bahagia bersama.""",0
289,Rencana Tuhan lebih baik dari rencana manusia. Mungkin Ahok bs bekerja kebih baik di posisi lain,0
169,#MataNajwaDebatJakarta Bravo closing statement Anies malam ini.kalau nggak ada debat saya nggak mungkin nonton mata najwa sdh lama tdk suka.,0
418,Ahok: Lupakan Semua Masalah Kampanye dan Pilkada,0
452,Eks Pendukung Agus-Sylvi di Jakarta Timur Deklarasikan Dukungan Untuk Ahok-Djarot,0
273,Nelayan Jakarta Sudah Disiapin Pulau Khusus oleh Pemda DKI #LunchBreak #SidangAhok,0
648,anies akan merangkul dua2nya untuk persatuan tidak spt ente dangkal & cekak intelektual hanya jadi budak ahok kafir.,1
608,@Gemacan70 itu yg cewe pake kerudung ngapain ya? Setiap kali konfrensi pers ada aja.. Pencitraan Islami kaliiii... Bwahaha..!!,1
589,"""perempuan kaya lo mending mati aja deh, jelek aja, gausa sok jadi make up artist!""",1
638,Si tengkuk babi sipit bangke agen dajjal mau jadi onta hahaha. Orang waras juga tau kasus ahok dipaksakan!!,1
656,hahaha idiot bilang kpd orang2 kafir terurama para nasrani pendukung2 ahok kafir jangan memasuki wilayah2 syariat islam,1
202,"""kalau liat sosmed, Pak Ahok menang telak. Namun sayang, hanya kata-kata manis lah yg diserap bbrp warga kecil. #matanajwadebatjakarta""",0
442,Pemenang Debat Pilkada DKI malam ini adalah...... IRA KOESNO!!!,0
612,"""@ymerdeka33 @ach_qodr @basuki_btp cabe2an bisa nya hanya bbm.n facrbook.n!! Masalah politik mana tau doi, tau nya berita2 sampah pencitraan""",1
541,Karna dia ga punya program hanya modal bacot doang,1
621,RT @korban_gusur: @RakyatBiasa1945 Ada CEBONG GENDHENG NGAMUK2 belain si HOMO PENISTA AGAMA!! HAHAHA @OshMuslim @RebusKentang @m3g4,1
51,Duh dibilang ga punya program paslon 1... kesian kesian kesian ... #debatfinalpilkadajkt,0
94,Nih fakta buat yg asbun. #BadjaPastimenang #DebatFinalPilkadaJKT,0
626,"""Tanda2 kiamat x yak, masih banyak aja orang muslim yg mengingkari Al-Quran dan pilih Penista Agama. #Nomor2Koruptor #Nomor2Koruptor""",1
306,"""Karena saya memilih dengan sehat maka saya kompensasikan dengan sarapan pagi yang, uhm, secara umum gak sehat. IMPAS""",0
282,#thw911 Saat Anies-Sandiaga Minta Doa Ustaz untuk Debat Pilkada https:\/\/t.co\/2odlrYteU1,0
672,"""HADUH KELAKUANMU HOK, SOK-SOKAN MENJAGA KEBERAGAMAN PADAHAL PROVOKATOR & RASIS!! #IklanAhokJahat""",1
421,Pengamat: Pilkada DKI Panas Karena Parpol Sulit Disiplinkan Massa,0
177,@ibnusungeb ahoker panas dingin ahok kalah debat Sama Anis. #MataNajwaDebatJakarta,0
677,umat agama islam dijakarta sangat haram dan sangat najis sekali dengan ahok kafir kristen...,1
703,"""Ehh anak anjing Ahok, Kelan itu blon siuman, mending emut2 bool basuki lagi aja sana, kasih tau sama Babi yg lain, bool basuki wangi gitu""",1
232,"""RT @AzzamBarbarossa: Akibat Nila Setitik Rusak Susu Sebelangga, Akibat Mulut Oknum Tak terdidik Rusak Juga Persatuan Bangsa. #IklanAhokJahat""",0
310,"""RT @AnakBaranusa: Yoi... Yang Jelas Pemenagnya itu hanya satu pasang calon, buka dua apa lagi tiga. 1, 2 dan 3 memiliki Peluang yg sama""",0
236,Sampe sekarang gue blm ngerti dp rumah 0% itu gmn skemanya. Trs emg ada ya perbankan yg mau ngasih kredit rumah gak pakai dp? #debatfinalpilkadadki,0
138,RT @digembok: #DebatFinalPilkadaJKT kali ini keren.Biasanya ada sesi tanya-jawab Kali ini ada SESI CURHAT,0
395,Gpp kalah. mungkin belom rejekinya ya pak. Bagi kami bapak tetap pemimpin yang jujur. Tetap berkarya nyata,0
686,jangan heran pemerintahan jokowi sekarang ini budaknya kulinya cina2 ahok kafir dan 9 naga...,1
69,RT @qronoz: Gak ada program yang mau diserang yang diserang karakternya. AHaY! \ud83d\ude02 #DebatFinalPilkadaJKT,0
90,Agus-Sylvi sisipkan bahasa jawa saat debat https:\/\/t.co\/fGTfXgaINx,0
26,Jadi teringat para pelacur.belia yg dijual orang tuanya.sendiri di pantura.demi sesuap nasi https:\/\/t.co\/X5DdR7m693,0
361,Yang blm pada move on mending bsk piknik aja mumpung long weekend hehehe,0
674,Kapolda Babi! Biadap dan Bodoh! Gak punya otak kali.,1
671,Tahukah Anda apa persamaan antara malin kundang dengan Ahok? mereka berdua sama-sam DURHAKA!!!!!!! #ASBAK #iklanahokjahat #kampanyeahokjahat,1
663,NGOMONG AJA ENTE SAMA KACA! MEMECAH BELAH KERUKUNAN LAGI HOK ENTE BISANYA. NGACO! #IklanAhokJahat,1
24,Itu yang ngomong jangan pilih Ahok Djarot pernah ngerasain banjir ga sih? :(,0
471,RT @indopoints: china babi... china maling...\n#UsirChina https:\/\/t.co\/9y4HIWHJp2,1
647,"""SELAMA PROSES #SidangAhok WASPADAI ULAMA2 KUBU AHOK..YAKNI ULAMA2 """"MUNAFIK"""" YANG SESAT DAN MENYESATKAN..!!""",1
46,"""Yang mendukung Mas Anies bukan berarti anti Pak Ahok, begitu Pula sebaliknya""",0
344,Terima kasih pak atas segala kebaikan untuk jakarta yang sudah kalian tancapkan di hati warga jakarta,0
670,Udah bingung kalik mau pakai cara apa untuk kampanye. Sampai2 bikin fitnah yang kayak begituan. Depresi ya takut kalah? #IklanAhokJahat,1
63,#DebatFinalPilkadaJKT Mulai saling serang deh,0
34,RT @agusdansylvi: #DebatFinalPilkadaJKT Saya pilih nomor 1. Sektor informal akan dimajukan mas Agus dan Mpok Sylvi.,0
332,"""Selamat bertugas pak Anis, semoga Jakarta menjadi lebih baik lagi!""",0
346,"""Terima kasih. Kepada pendukung kami, percayalah... Tuhan tahu yang terbaik. #JakartaPunyaSemua""",0
581,jokowi ratu adil apaan..??? dia ga ada keturunan darah biruadanya DARAH KOTOR cina babi..!!! https://t.co/JtwFRRdLF4,1
95,Siap-siap meme CCTV. #DebatFinalPilkadaJKT #Debat3PilkadaDKI #DebatFinalDKI,0
699,"""Ahok :memilih pemimpin Berdasarkan agama melanggar konstitusi. Sebaiknya BABI INI DI BUNGKUS aja, CONGORNYAPECAH BELAH UMAT BERAGAMA.""",1
205,Kalau lihat Ahok itu kayak lihat power rangers merah,0
450,semua warga DKI gunakan hak pilihmu....jangan takut kita smua warga yg punya hak dan sehat lahir batin,0
704,CWE CAKEP TP BEGO.PANTES GK LAKU.SI AHOK CINA BAU TAI.MAKAN BUBUR ENCER.AHOK FAHAM KOMUNIS.MENISTA ISLAM & KRISTEN,1
546,"""Tangkap Ahok @basuki_btp skrng juga, koruptor reklamasi Jakarta dan penista Agama Islam.""",1
220,"""RT @grcllafrn: Pak Anies, inget, apa yg kau tabur itu yang akan kau tuai nanti... jadi takut sendiri :"""") #MataNajwaDebatJakarta""",0
336,RT @netmediatama: Mereka telah siap berikan yang terbaik di ajang debat terbuka!,0
333,"""@aniesbaswedan @sandiuno selamat ya pak, kami tunggu program terealisasi. Jangan kecewakan Jakarta""",0
645,"""tim ahok yg otak wc otak tumpul justru anies itu sdh komit sekali dgn pancasila ,ahok kafir sgt tdk bs berpancasila""",1
405,Kau lah yang terhebat.. Karna kau lah kami mendapat inspirasi dan pengalaman yang sangat berharga.,0
473,tangkap ahok dan klompok nya yg melakukan pemalsuan e KTP karna merupakan penghiyanat bagi bangsa dan negara,1
611,@ulinyusron cm didoain kalau saya mah ketemu si penista agama langsung saya ceburin laut yg direklamasi ijin sembunyi2 buat tumbal reklamasi,1
261,"""Ahok & Anies sama baiknya kok, sama bagusnya, sama okenya. Siapa yg kepilih yg menang tetap rakyat jakarta""",0
710,"""Sapa Yg bilang Ahok anti korupsi!?, klo grombolannyA NGOMONG gtu wajar, AHOK ITU MAFIA KORUPTOR SANG PENISTA AGAMA YG DILINDUNGI ISTANA PKI""",1
354,Aku akui pak ahok itu tangguh sekali dan apa adanya,0
187,Haha anies pendemo2 dr jawa barat kok ga ngomen. Takut kalah ya haha #MataNajwaDebatJakarta,0
334,Saya selalu mendoakan yg terbaik untk bapak dan bapak juga mendapatkan banyak ucapan dari saudara di gaza palestina,0
295,MANTAB !! AHOK dan Pemprov DKI Jakarta Terjunkan Alat Berat Untuk Keruk Sampah di Waduk Pluit,0
644,kebiadaban ahok cina kafir anak2 rakyat kecil pribumi dan ibu2 islam semua digusur dari rumahnya serta kehidupannya,1
278,"""Ahok dituntut 1 tahun penjara. Kemungkinan akan divonis bebas. Masalahnya, warga DKI terlanjur kehilangan pemimpin terbaik. #FreeAhok""",0
86,Cinta pak Ahok pokoknya #DebatFinalPilkadaJKT,0
562,@budimandjatmiko ahok si kutil babi kembali ke rumah lembang kenapa jakarta jadi banjir bud?,1
350,Mutiara tetap mutiara Pak Ahok Djarot. Tuhan pny rencana yg lebih dahsyat utk Bapak ber2 utk Indonesia. Maju terus.,0
550,RT @FredyBastian3: Cara serang Ahok : Kafir galak,1
303,"""RT @ahokdijegal: Kita mgk bs mendukung dia dlm hal kejujuran dan niat baik utk melayani warga, tapi gantiin dia dlm hal pekerjaan""",0
263,"""Allah SWT tdk butuh anda. Tapi Anda yang butuh Allah,Rezeki, hidup matimu. Allah yg tentukan. Mau khianati Allah? yakin gak nyesel? #SidangAhok""",0
690,YG JELAS OTAK AHOK-DJAROT SUDAH SANGAT TUMPUL SANGAT LOYO DAN STRESS..... SUDAH JEBOL HARUS DICOPOT DAN DIGANTI.....,1
537,CINA ASU https:\/\/t.co\/zM1BsjAIHA,1
265,RT @JanurOmank2626: Ahok harus bebas demi hukum demi keadilan demi kelanjutan perbaikan DKI. Semoga hakim mmpunyai sense of justice,0
98,Ini judulnya Debat atau nyerang paslon 2 ?????? #DebatFinalPilkadaJKT,0
439,"""jangan padam untuk kemanusiaan ya pak, saya mengenang semua hal manis yg telah bapak perjuangkan""",0
585,"""Kang @ridwankamil ,fakta hari ini,partai pendukung si penista agama sangat dibenci rakyat,termasuk rakyat Jabar. https://t.co/b2WetyvrbZ""",1
3,"""Ahmad Dhani Tak Puas Debat Pilkada, Masalah Jalan di Bekasi Belum Sempat Terungkap https:\/\/t.co\/m3HopPLUID\u2026""",0
415,Media Asing Menyorot Hasil Pilkada Jakarta,0
422,Parpol Pendukung Ahok-Djarot Komitmen Jaga Pilkada Damai,0
351,Tuhan percayakan hal yang lebih Besar lagi kepada Pak Ahok selain hanya menjadi Gubernur Dki jakarta.,0
688,BODOH jika para pendukung ahok yg Muslim tidak tersinggung sama sekali ! Tapi bisa aja sih Qur'an d hina saja mrka diam #IklanAhokJahat,1
134,Biar jajan naik sejuta https://t.co/veZ5PXxDfr,0
451,semoga Tuhan memberikan seluruh masyarakat DKI jakarta keadilan sesuai pemimpin yg benar2 demi rakyat Amin.,0
410,Pak Ahok....walau saya bukan warga DKI....saya sangat sedih bapak tidak terpilih lg jd Gubenur DKI.....,0
468,Kalo ahok menang pilkada bikin video sex bareng anaknya dong tan.? https:\/\/t.co\/7msmThwwLK,1
409,jabatan bukan hal penting yg terpenting bapak tetap orang terhebat di jakarta tentang kerja keras Pak Ahok..sekali lagi terima kasih Pak Ahok,0
99,Lha kok menyerang gitu ya #DebatFinalPilkadaJKT,0
158,Mereka (koruptor) meletakkan kitab suci ditempat paling rendah...tapi masih sok jadi pemilik kapling surga... https://t.co/oj5YN3WBeI,0
352,I LOVE YOU PAK AHOK.AKU HANYA BISA BERDOA SEMOGA TUHAN MEMBERKATI. SALAM 2 JARI UNTUK PA AHOK I LOVE YOU,0
255,19 April adalah saat yang penting bagi warga Jakarta untuk menentukan masa depan Ibukota,0
695,MENGAPA ahoker KRISTEN & MUNAFIK tidak berhenti mengolok2 GEREJA stiap hari? Apakah mereka memang dibriefing ahok untuk menghina si BUMI DATAR?,1
372,"""ga tinggal di Jakarta sih, tp 1 rumah ngotot banget dukung Pak @basuki_btp!""",0
162,RT @kv_kahfi: Komplit bgt yaaaa..... Heran nya msh aja yg percaya dan idolain dia https://t.co/PNTYRAnaJO,0
54,Paslon 3 Anies Sandiaga Uno 15 Feb 2017 Utk Jakarta Indonesia Raya OK OCE,0
536,Uang Taipan tuh. Nanti dibayar dengan ratusan penggusuran biadab oleh Ahok.,1
482,tobat yuk sebelum terlambat. biar gerombolan JIL aja yg kita doakan konsisten bela kekafiran hingga akhir hayat https:\/\/t.co\/979uJ6ItrM,1
172,#MataNajwaDebatJakarta kerendahan hati dan lawan kerendahan hati kelihatan banget..,0
111,Saya bertanya kepada Bapak Presiden dan Kapolri OK OCE tuh apaan? #DebatFinalPilkadaJKT,0
711,"""Gw juga ngimpi SENTILIN BIJI BABI AHOK, pcetar Pcetar, langsung kejang2 die, ngadu ke Jkw, Jkw: makanye sunat dulu, bru NGOMONG Almaidah.""",1
340,RT @temanAhok: Alhamdulillah sambutan antusias warga di tiap blusukan pak Ahok selalu real. Ngga ada settingan.,0
163,RT @m0th3rb04rd__: bagaimana keadilan bisa tercipta jika si penista agama belum di vonis penjara\n #BerjamaahTolakReklamasi,0
601,"""SETUJU SAYA,KLAU AHOK DAPAT GELAR SANTRI KEHORMATAN.... TAPI SANTRI KEHORMATAN BABI.... https://t.co/uD16d7Gwhd""",1
231,"""RT @boelatboelat: agree pak @basuki_btp kekuasaan itu Tuhan yang kasih, walau dijatuhkan, Tuhan akan menaikkan :) #MataNajwaDebatJakarta""",0
413,"""tapi kalah menang itu biasa. kekuasaan ada di tangan tuhan, asal bapak ahok tidak menjual iman pak ahok dengan jabatan""",0
298,"""pak ahok kalau anda jadi gubernur jangan lupa anda harus bangun provinsi Jambi buat lahan petani semua, dan jln kreta api jambi, riau, lampung""",0
9,"""Awasi Kecurangan Pilkada, Agus - Sylvi Pakai Aplikasi Ini https:\/\/t.co\/xWZW4nUFIU""",0
443,"""Selamat buat pasangan no 3, Anies-Sandi pemenang versi Quick Count... Terima kasih buat Ahok-Djarot atas kerja luar biasa untuk Jakarta...""",0
692,Sumpah bego bgt sih kesel gue. Kenapa ada org yg vote makhluk kayak Sandiaga Uno coba. Oh agama,1
678,19 april CNN kibarkan bendera kuning atas kematian ahok-djarot....,1
492,Mukanya mpo Silvy Asem bangett ngakak kena deh abis jahat sih #DebatFinalPilkadaJKT,1
622,RT @Ustadtengku1: @RizieqSyihabFPI tolol itu banyak yg bela penista agama walau sudah tersangka,1
256,"""RT @maharanisinta70: terimakasih Pak Anies pemaparantentang DP 0 ,memberi solusi bagi warga jakarta yang ingin punya rumah dan tidak nyewa terus.""",0
458,KAU PENDIKAN TINGGI TAPI BODOH....GK ADA LARANG BAWA AGAMA..BIAR ORANG ISLAM YG DI BAYAR AHOK SADAR GK JADI MILIH AHOK GLA,1
1,RT @baguscondromowo: Mereka terus melukai aksi dalam rangka memenjarakan Ahok atau Ahok gagal dalam Pilkada.,0
469,Keluarga Besar Kami Yang Berdomisili di Jakarta TIDAK PILIH AHOK!! https:\/\/t.co\/GZKZFTpvCw Suara Ulama Bulat! #HaramPilihAhok #JanganGolput,1
246,"""Debat Final Pilkada DKI Jakarta, Siapa yang Gagap, dan Siapa yang Tepat Menjawab - Adjat Sudradjat""",0
297,Pak @basuki_btp saya hanya bantu menyampaikan. Sbg orang2 di sekitar Pak Ahok bisa menyampaikan ke beliau. @kurawa. #BlusukanAhok #Gue2,0
504,"""Napa dibiarin tim si penista agama maen curang maren, emang sengaja dibiarin biar ntar digaplok umat islam rame2 se jakarta tuh penista""",1
100,Debat sama berantem beda tipis #DebatFinalPilkadaJKT,0
461,@YohanesTarigan9 saya ga habis pikir kenapa fanboy ahok bego bego ya pada ga ngerti sejarah. Gampang kejebak iklan. Maaf ya.,1
367,Gw yakin suatu saat pasti Pak @basuki_btp akan ada patungnya sebagai tanda jasa entah itu di indo atau di madame tussaud.,0
127,RT @JktMajuBersama: Upaya Anies-Sandi untuk mendukung perempuan menjadi pelaku UKM :) #DebatFinalPilkadaJKT,0
82,RT @gabriellaanDini: Dulu di awal kampanye bukannya uda deklarasi anti SARA??? Tadinya gw pikir no.3 lebih mending dari no.1,0
309,RT @AmaliaAmelCute2: Lebih tambah jatuh hati deh jadinya Tak bisa berpaling ke pilihan yg lain Tetap ke pak ahok -Djarotlah yg terbaik,0
215,RT @alysap_: Semua penganut agama harus dapet hak yang sama - Ahok #MataNajwaDebatJakarta,0
335,Selamat untk bpk @aniesbaswedan & @sandiagauno atas kemenangannya. Semoga allah memberkahi disetiap langkah yg bapak ambil aminnn salam3jari,0
176,#MataNajwaDebatJakarta.kesimpulan: Saya tdk rela punya Gub seorg Anies dan sy percaya Ahok akan menang. Salam 2 jari.,0
599,"""RT @Ra_Ria_Rana: GAK HABIS PIKIR???\n\nTINGGAL NUNGGU ADZAB ALLAH NIH NEGERI,,,, PEMIMPINNYA SDH DZALIM https://t.co/UmZK4bTyi4""",1
